Date,combined_score,adaptive_band_rank01_score,ma_crossover_rank01_score,adaptive_volatility_band_rank01_score,fear_greed_candle_volume_rank01_score,predicted_future_return,portfolio_weight,active_anchor_date,active_model_name,active_hold_days,prediction_scale,price
2022-01-03,0.09996815994381913,-1.0,0.31957846503429793,1.0,0,0.09996815994381913,0.14280769571642746,2021-12-31,obj1_long_only_combination,45,0.7000194173171551,168.33
2022-01-04,0.09996815994381913,-1.0,0.33469588324216587,1.0,0,0.09996815994381913,0.14280769571642746,2021-12-31,obj1_long_only_combination,45,0.7000194173171551,169.57
2022-01-05,-1.0,-1.0,0.3697820650455784,-1.0,-1,-1.0,0.0,2021-12-31,obj1_long_only_combination,45,0.7000194173171551,169.06
2022-01-06,0.7040730901586778,0.34240790898497525,0.37211384073186854,1.0,0,0.7040730901586778,1.0,2021-12-31,obj1_long_only_combination,45,0.7000194173171551,166.99
2022-01-07,0.0933412310199617,-0.5556484930435345,0.3242889649106523,0.6243669795800427,0,0.0933412310199617,0.13334091699583805,2021-12-31,obj1_long_only_combination,45,0.7000194173171551,167.75
2022-01-10,0.09996815994381913,-1.0,0.2525829501813497,1.0,0,0.09996815994381913,0.14280769571642746,2021-12-31,obj1_long_only_combination,45,0.7000194173171551,168.26
2022-01-11,-0.8232773446726465,-1.0,0.2396877611510235,-0.678676780359934,0,-0.8232773446726465,0.0,2021-12-31,obj1_long_only_combination,45,0.7000194173171551,170.29
2022-01-12,0.09996815994381913,-1.0,0.23001636937831352,1.0,0,0.09996815994381913,0.14280769571642746,2021-12-31,obj1_long_only_combination,45,0.7000194173171551,170.74
2022-01-13,0.09996815994381913,-1.0,0.22255155728191037,1.0,0,0.09996815994381913,0.14280769571642746,2021-12-31,obj1_long_only_combination,45,0.7000194173171551,170.16
2022-01-14,-0.10758060060534558,-1.0,0.23984425616358068,0.6226276939511317,0,-0.10758060060534558,0.0,2021-12-31,obj1_long_only_combination,45,0.7000194173171551,169.67
2022-01-18,0.09449612020339311,-1.0,0.26744997636925105,0.9900505488436947,0,0.09449612020339311,0.13499071292272471,2021-12-31,obj1_long_only_combination,45,0.7000194173171551,169.39
2022-01-19,-1.0,-1.0,0.22837317174701824,-1.0,0,-1.0,0.0,2021-12-31,obj1_long_only_combination,45,0.7000194173171551,172.08
2022-01-20,0.07302311588614345,-1.0,0.15732443607024074,0.9510075926942251,0,0.07302311588614345,0.10431584336046945,2021-12-31,obj1_long_only_combination,45,0.7000194173171551,171.65
2022-01-21,-0.345846477612361,-1.0,0.12078285065052523,0.18940446861852786,0,-0.345846477612361,0.0,2021-12-31,obj1_long_only_combination,45,0.7000194173171551,171.09
2022-01-24,-0.1389860722419174,-1.0,0.1039909358088575,0.5655251835690569,0,-0.1389860722419174,0.0,2021-12-31,obj1_long_only_combination,45,0.7000194173171551,172.03
2022-01-25,-0.11612466729445271,-1.0,0.08605660737586238,0.6070925775718657,0,-0.11612466729445271,0.0,2021-12-31,obj1_long_only_combination,45,0.7000194173171551,172.58
2022-01-26,-1.0,-1.0,0.11200348044907199,-1.0,0,-1.0,0.0,2021-12-31,obj1_long_only_combination,45,0.7000194173171551,169.79
2022-01-27,0.3466240311858921,0.8311528454489068,0.13860763257470257,-0.049834135642913176,0,0.3466240311858921,0.4951634520572855,2021-12-31,obj1_long_only_combination,45,0.7000194173171551,167.6
2022-01-28,1.0,1.0,0.14827902434748194,1.0,0,1.0,1.0,2021-12-31,obj1_long_only_combination,45,0.7000194173171551,167.1
2022-01-31,0.6229996333282249,0.1622510451447089,0.1960413021636892,1.0,0,0.6229996333282249,0.8899747891506914,2021-12-31,obj1_long_only_combination,45,0.7000194173171551,168.09
2022-02-01,0.5406585188015969,-0.020722736141713865,0.20502411588140432,1.0,0,0.5406585188015969,0.7723478883967054,2021-12-31,obj1_long_only_combination,45,0.7000194173171551,168.23
2022-02-02,0.12588080985892447,-0.7865800091149966,0.1435528749698927,0.8724876842999201,0,0.12588080985892447,0.17982474020701647,2021-12-31,obj1_long_only_combination,45,0.7000194173171551,168.84
2022-02-03,-0.748535332234604,-0.44120939599270337,0.08563407084217309,-1.0,0,-0.748535332234604,0.0,2021-12-31,obj1_long_only_combination,45,0.7000194173171551,168.6
2022-02-04,-0.08375866258893394,-0.7543726289218058,0.004272313841360775,0.464960785905626,0,-0.08375866258893394,0.0,2021-12-31,obj1_long_only_combination,45,0.7000194173171551,168.86
2022-02-07,-0.02186811906802063,-1.0,-0.13907711761227004,0.7784730804970527,0,-0.02186811906802063,0.0,2021-12-31,obj1_long_only_combination,45,0.7000194173171551,170.11
2022-02-08,0.09996815994381913,-1.0,-0.2660415212566875,1.0,0,0.09996815994381913,0.14280769571642746,2021-12-31,obj1_long_only_combination,45,0.7000194173171551,170.63
2022-02-09,0.09996815994381913,-1.0,-0.35768500057903013,1.0,0,0.09996815994381913,0.14280769571642746,2021-12-31,obj1_long_only_combination,45,0.7000194173171551,171.21
2022-02-10,-1.0,-1.0,-0.43339728762842256,-1.0,0,-1.0,0.0,2021-12-31,obj1_long_only_combination,45,0.7000194173171551,170.56
2022-02-11,-1.0,-1.0,-0.4626149064629185,-1.0,0,-1.0,0.0,2021-12-31,obj1_long_only_combination,45,0.7000194173171551,173.81
2022-02-14,-0.007988110210664305,-1.0,-0.48759151045855803,0.8037101907386168,0,-0.007988110210664305,0.0,2021-12-31,obj1_long_only_combination,45,0.7000194173171551,174.74
2022-02-15,0.09996815994381913,-1.0,-0.4855570752959739,1.0,0,0.09996815994381913,0.14280769571642746,2021-12-31,obj1_long_only_combination,45,0.7000194173171551,173.08
2022-02-16,0.04639780583191111,-1.0,-0.4474818387537809,0.9025965367676749,0,0.04639780583191111,0.06628074119676859,2021-12-31,obj1_long_only_combination,45,0.7000194173171551,174.86
2022-02-17,0.09996815994381913,-1.0,-0.3320041690271261,1.0,0,0.09996815994381913,0.14280769571642746,2021-12-31,obj1_long_only_combination,45,0.7000194173171551,177.25
2022-02-18,0.09996815994381913,-1.0,-0.2106892353340591,1.0,0,0.09996815994381913,0.14280769571642746,2021-12-31,obj1_long_only_combination,45,0.7000194173171551,177.12
2022-02-22,-0.5715036632158425,-1.0,-0.055868719463900554,-0.22089319966126475,0,-0.5715036632158425,0.0,2021-12-31,obj1_long_only_combination,45,0.7000194173171551,177.49
2022-02-23,0.036237004175995756,-1.0,0.09518026660489977,0.8841218171786382,0,0.036237004175995756,0.05176571289247252,2021-12-31,obj1_long_only_combination,45,0.7000194173171551,178.29
2022-02-24,-1.0,-1.0,0.22413215690812727,-1.0,-1,-1.0,0.0,2021-12-31,obj1_long_only_combination,45,0.7000194173171551,177.14
2022-02-25,0.0995763176364528,-1.0,0.30227011665135806,0.999287538818603,0,0.0995763176364528,0.1422479365187925,2021-12-31,obj1_long_only_combination,45,0.7000194173171551,176.55
2022-02-28,-0.15522001378451014,-1.0,0.34242673685990926,0.5360080718311646,0,-0.15522001378451014,0.0,2021-12-31,obj1_long_only_combination,45,0.7000194173171551,178.38
2022-03-01,-1.0,-1.0,0.6400814179857817,0.653463378721025,0,-1.0,0.0,2022-02-28,obj1_long_only_combination,45,1.0,181.62
2022-03-02,1.0,1.0,0.831318396997368,1.0,0,1.0,1.0,2022-02-28,obj1_long_only_combination,45,1.0,179.73
2022-03-03,1.0,1.0,0.9356054139254814,0.85588482653598,0,1.0,1.0,2022-02-28,obj1_long_only_combination,45,1.0,180.8
2022-03-04,-0.9425645022527409,-0.9425645022527409,1.0,-0.06425710082393048,0,-0.9425645022527409,0.0,2022-02-28,obj1_long_only_combination,45,1.0,183.68
2022-03-07,-1.0,-1.0,1.0,0.3903078928486338,0,-1.0,0.0,2022-02-28,obj1_long_only_combination,45,1.0,186.41
2022-03-08,-1.0,-1.0,1.0,-1.0,0,-1.0,0.0,2022-02-28,obj1_long_only_combination,45,1.0,191.51
2022-03-09,1.0,1.0,1.0,0.8861926892846234,0,1.0,1.0,2022-02-28,obj1_long_only_combination,45,1.0,185.82
2022-03-10,1.0,1.0,1.0,1.0,0,1.0,1.0,2022-02-28,obj1_long_only_combination,45,1.0,186.4
2022-03-11,1.0,1.0,1.0,1.0,0,1.0,1.0,2022-02-28,obj1_long_only_combination,45,1.0,185.09
2022-03-14,1.0,1.0,1.0,1.0,0,1.0,1.0,2022-02-28,obj1_long_only_combination,45,1.0,182.3
2022-03-15,1.0,1.0,1.0,0.21445629342237735,0,1.0,1.0,2022-02-28,obj1_long_only_combination,45,1.0,178.89
2022-03-16,1.0,1.0,1.0,-0.8077688567892193,0,1.0,1.0,2022-02-28,obj1_long_only_combination,45,1.0,180.01
2022-03-17,1.0,1.0,1.0,1.0,0,1.0,1.0,2022-02-28,obj1_long_only_combination,45,1.0,180.89
2022-03-18,1.0,1.0,0.8765138491305681,0.7146777026138619,0,1.0,1.0,2022-02-28,obj1_long_only_combination,45,1.0,179.3
2022-03-21,1.0,1.0,0.8123932149913705,0.8304893747195782,0,1.0,1.0,2022-02-28,obj1_long_only_combination,45,1.0,180.67
2022-03-22,1.0,1.0,0.7519782108953327,1.0,0,1.0,1.0,2022-02-28,obj1_long_only_combination,45,1.0,179.36
2022-03-23,-0.3248137484937148,-0.3248137484937148,0.6373683674184933,-0.4614958498893804,0,-0.3248137484937148,0.0,2022-02-28,obj1_long_only_combination,45,1.0,181.81
2022-03-24,-0.752115541685031,-0.752115541685031,0.61665654235604,0.9342023677358278,0,-0.752115541685031,0.0,2022-02-28,obj1_long_only_combination,45,1.0,183.13
2022-03-25,1.0,1.0,0.6737629481992664,0.6697008216340822,0,1.0,1.0,2022-02-28,obj1_long_only_combination,45,1.0,182.38
2022-03-28,1.0,1.0,0.6449119714348729,-0.8182667669439787,0,1.0,1.0,2022-02-28,obj1_long_only_combination,45,1.0,179.06
2022-03-29,1.0,1.0,0.519185237828648,-0.6049534075185221,0,1.0,1.0,2022-02-28,obj1_long_only_combination,45,1.0,179.14
2022-03-30,1.0,1.0,0.48669480298619033,1.0,0,1.0,1.0,2022-02-28,obj1_long_only_combination,45,1.0,180.58
2022-03-31,1.0,1.0,0.38882646666850623,1.0,0,1.0,1.0,2022-02-28,obj1_long_only_combination,45,1.0,180.65
2022-04-01,1.0,1.0,0.17244414093570504,1.0,0,1.0,1.0,2022-02-28,obj1_long_only_combination,45,1.0,179.5
2022-04-04,1.0,1.0,-0.080068077717618,1.0,0,1.0,1.0,2022-02-28,obj1_long_only_combination,45,1.0,180.37
2022-04-05,1.0,1.0,-0.42303737260239943,-1.0,0,1.0,1.0,2022-02-28,obj1_long_only_combination,45,1.0,179.24
2022-04-06,1.0,1.0,-0.6249942099530602,0.647938078029478,0,1.0,1.0,2022-02-28,obj1_long_only_combination,45,1.0,179.66
2022-04-07,1.0,1.0,-0.8133196225021652,1.0,0,1.0,1.0,2022-02-28,obj1_long_only_combination,45,1.0,180.34
2022-04-08,-1.0,-1.0,-0.8745948621439394,0.9966021758819192,0,-1.0,0.0,2022-02-28,obj1_long_only_combination,45,1.0,181.47
2022-04-11,-0.5821716064830149,-0.5821716064830149,-0.7653449478366374,-0.12591490068423786,0,-0.5821716064830149,0.0,2022-02-28,obj1_long_only_combination,45,1.0,182.37
2022-04-12,-0.7053276747720235,-0.7053276747720235,-0.3990169492871159,0.3762866435032517,0,-0.7053276747720235,0.0,2022-02-28,obj1_long_only_combination,45,1.0,183.77
2022-04-13,0.1187995151574773,0.1187995151574773,-0.21452951071124945,1.0,0,0.1187995151574773,0.1187995151574773,2022-02-28,obj1_long_only_combination,45,1.0,184.65
2022-04-14,1.0,1.0,-0.04784233073543033,0.5386435604400414,0,1.0,1.0,2022-02-28,obj1_long_only_combination,45,1.0,184.04
2022-04-18,1.0,1.0,0.14054925377873267,0.35424281773094873,0,1.0,1.0,2022-02-28,obj1_long_only_combination,45,1.0,184.61
2022-04-19,1.0,1.0,0.1913031509766256,-0.732222392919124,0,1.0,1.0,2022-02-28,obj1_long_only_combination,45,1.0,181.82
2022-04-20,1.0,1.0,0.20103042983984737,0.8690536440882044,0,1.0,1.0,2022-02-28,obj1_long_only_combination,45,1.0,182.71
2022-04-21,1.0,1.0,0.15504091412600637,0.9337730982772122,0,1.0,1.0,2022-02-28,obj1_long_only_combination,45,1.0,182.06
2022-04-22,1.0,1.0,0.07695799536001868,0.2409276072342888,0,1.0,1.0,2022-02-28,obj1_long_only_combination,45,1.0,180.29
2022-04-25,1.0,1.0,-0.03983552296364408,1.0,0,1.0,1.0,2022-02-28,obj1_long_only_combination,45,1.0,177.05
2022-04-26,1.0,1.0,-0.008734699387387792,0.6722143222322574,0,1.0,1.0,2022-02-28,obj1_long_only_combination,45,1.0,177.32
2022-04-27,1.0,1.0,-0.02382190742012801,1.0,0,1.0,1.0,2022-02-28,obj1_long_only_combination,45,1.0,175.98
2022-04-28,1.0,1.0,-0.01541806785803074,0.7466459874999538,0,1.0,1.0,2022-02-28,obj1_long_only_combination,45,1.0,176.93
2022-04-29,1.0,1.0,0.02547620654652422,-1.0,0,1.0,1.0,2022-02-28,obj1_long_only_combination,45,1.0,176.91
2022-05-02,1.0,1.0,-0.08141693058170904,-1.0,0,1.0,1.0,2022-04-29,obj1_long_only_combination,45,1.0,173.63
2022-05-03,1.0,1.0,-0.06701947336584853,-1.0,0,1.0,1.0,2022-04-29,obj1_long_only_combination,45,1.0,174.09
2022-05-04,1.0,1.0,-0.0852577857814697,-1.0,0,1.0,1.0,2022-04-29,obj1_long_only_combination,45,1.0,175.8
2022-05-05,1.0,1.0,-0.1168815935639367,-1.0,-1,1.0,1.0,2022-04-29,obj1_long_only_combination,45,1.0,175.13
2022-05-06,1.0,1.0,-0.1381787906595926,-1.0,0,1.0,1.0,2022-04-29,obj1_long_only_combination,45,1.0,175.42
2022-05-09,1.0,1.0,-0.1709295559557301,-1.0,0,1.0,1.0,2022-04-29,obj1_long_only_combination,45,1.0,172.88
2022-05-10,1.0,1.0,-0.20864813396534454,-1.0,0,1.0,1.0,2022-04-29,obj1_long_only_combination,45,1.0,171.42
2022-05-11,1.0,1.0,-0.23679907267496322,-1.0,0,1.0,1.0,2022-04-29,obj1_long_only_combination,45,1.0,172.82
2022-05-12,1.0,1.0,-0.2557273590785651,-1.0,0,1.0,1.0,2022-04-29,obj1_long_only_combination,45,1.0,170.17
2022-05-13,1.0,1.0,-0.27677156571196443,-1.0,0,1.0,1.0,2022-04-29,obj1_long_only_combination,45,1.0,168.79
2022-05-16,1.0,1.0,-0.31722704054056816,-1.0,0,1.0,1.0,2022-04-29,obj1_long_only_combination,45,1.0,170.4
2022-05-17,1.0,1.0,-0.4152723442326139,-1.0,0,1.0,1.0,2022-04-29,obj1_long_only_combination,45,1.0,169.33
2022-05-18,1.0,1.0,-0.5345228484886047,-1.0,0,1.0,1.0,2022-04-29,obj1_long_only_combination,45,1.0,169.42
2022-05-19,-1.0,-1.0,-0.6399278747191263,-1.0,0,-1.0,0.0,2022-04-29,obj1_long_only_combination,45,1.0,171.91
2022-05-20,0.9481821236364071,0.9481821236364071,-0.7341553223443449,-1.0,0,0.9481821236364071,0.9481821236364071,2022-04-29,obj1_long_only_combination,45,1.0,172.03
2022-05-23,1.0,1.0,-0.8471040641767985,-1.0,0,1.0,1.0,2022-04-29,obj1_long_only_combination,45,1.0,172.83
2022-05-24,0.29580260307682976,0.29580260307682976,-0.8991511020034617,-1.0,0,0.29580260307682976,0.29580260307682976,2022-04-29,obj1_long_only_combination,45,1.0,174.13
2022-05-25,1.0,1.0,-0.9833509276700269,-1.0,0,1.0,1.0,2022-04-29,obj1_long_only_combination,45,1.0,173.08
2022-05-26,1.0,1.0,-1.0,-1.0,0,1.0,1.0,2022-04-29,obj1_long_only_combination,45,1.0,172.76
2022-05-27,1.0,1.0,-1.0,-1.0,0,1.0,1.0,2022-04-29,obj1_long_only_combination,45,1.0,172.85
2022-05-31,1.0,1.0,-1.0,-1.0,0,1.0,1.0,2022-04-29,obj1_long_only_combination,45,1.0,171.14
2022-06-01,1.0,1.0,-1.0,-1.0,0,1.0,1.0,2022-04-29,obj1_long_only_combination,45,1.0,172.23
2022-06-02,-1.0,-1.0,-0.9469892985034518,-1.0,0,-1.0,0.0,2022-04-29,obj1_long_only_combination,45,1.0,174.35
2022-06-03,1.0,1.0,-0.8782218910347181,-1.0,0,1.0,1.0,2022-04-29,obj1_long_only_combination,45,1.0,172.58
2022-06-06,1.0,1.0,-0.8196430994551605,-1.0,0,1.0,1.0,2022-04-29,obj1_long_only_combination,45,1.0,171.82
2022-06-07,1.0,1.0,-0.6965517399994091,-1.0,0,1.0,1.0,2022-04-29,obj1_long_only_combination,45,1.0,172.94
2022-06-08,1.0,1.0,-0.6136858640429498,-1.0,0,1.0,1.0,2022-04-29,obj1_long_only_combination,45,1.0,172.78
2022-06-09,1.0,1.0,-0.5506452406744169,-1.0,0,1.0,1.0,2022-04-29,obj1_long_only_combination,45,1.0,172.23
2022-06-10,-1.0,-1.0,-0.4736671427487039,-0.8396871215874705,1,-1.0,0.0,2022-04-29,obj1_long_only_combination,45,1.0,174.54
2022-06-13,1.0,1.0,-0.44291730201771956,-1.0,0,1.0,1.0,2022-04-29,obj1_long_only_combination,45,1.0,169.93
2022-06-14,1.0,1.0,-0.4147893624410229,-1.0,0,1.0,1.0,2022-04-29,obj1_long_only_combination,45,1.0,168.57
2022-06-15,1.0,1.0,-0.3499318075708616,-1.0,0,1.0,1.0,2022-04-29,obj1_long_only_combination,45,1.0,170.77
2022-06-16,1.0,1.0,-0.31419115499345546,-1.0,0,1.0,1.0,2022-04-29,obj1_long_only_combination,45,1.0,172.69
2022-06-17,1.0,1.0,-0.23139427643578503,-1.0,0,1.0,1.0,2022-04-29,obj1_long_only_combination,45,1.0,171.27
2022-06-21,1.0,1.0,-0.12955411580983406,-1.0,0,1.0,1.0,2022-04-29,obj1_long_only_combination,45,1.0,170.63
2022-06-22,1.0,1.0,-0.0882246739297935,-1.0,0,1.0,1.0,2022-04-29,obj1_long_only_combination,45,1.0,171.31
2022-06-23,1.0,1.0,-0.029208898824534604,-1.0,0,1.0,1.0,2022-04-29,obj1_long_only_combination,45,1.0,170.26
2022-06-24,1.0,1.0,0.04724021904373183,-1.0,0,1.0,1.0,2022-04-29,obj1_long_only_combination,45,1.0,170.09
2022-06-27,1.0,1.0,0.07502317162643816,-1.0,0,1.0,1.0,2022-04-29,obj1_long_only_combination,45,1.0,169.9
2022-06-28,1.0,1.0,0.10292111987377744,-1.0,0,1.0,1.0,2022-04-29,obj1_long_only_combination,45,1.0,169.62
2022-06-29,1.0,1.0,0.08813267739807112,-1.0,0,1.0,1.0,2022-04-29,obj1_long_only_combination,45,1.0,169.49
2022-06-30,1.0,1.0,0.03088783552859653,-1.0,0,1.0,1.0,2022-04-29,obj1_long_only_combination,45,1.0,168.46
2022-07-01,1.0,1.0,0.21849585684195694,0.5280747199171165,1,1.0,1.0,2022-06-30,obj1_long_only_combination,45,1.0,168.32
2022-07-05,1.0,1.0,0.15085246052850174,-1.0,0,1.0,1.0,2022-06-30,obj1_long_only_combination,45,1.0,164.75
2022-07-06,1.0,1.0,0.03812627792212178,-1.0,0,1.0,1.0,2022-06-30,obj1_long_only_combination,45,1.0,162.14
2022-07-07,1.0,1.0,-0.05864989930360045,1.0,0,1.0,1.0,2022-06-30,obj1_long_only_combination,45,1.0,162.23
2022-07-08,1.0,1.0,-0.2148062170430804,1.0,0,1.0,1.0,2022-06-30,obj1_long_only_combination,45,1.0,162.3
2022-07-11,1.0,1.0,-0.3439820437529732,1.0,0,1.0,1.0,2022-06-30,obj1_long_only_combination,45,1.0,161.43
2022-07-12,1.0,1.0,-0.4094347164358189,1.0,0,1.0,1.0,2022-06-30,obj1_long_only_combination,45,1.0,160.83
2022-07-13,1.0,1.0,-0.47158208679876273,-1.0,0,1.0,1.0,2022-06-30,obj1_long_only_combination,45,1.0,161.6
2022-07-14,1.0,1.0,-0.4780005226989875,1.0,0,1.0,1.0,2022-06-30,obj1_long_only_combination,45,1.0,159.33
2022-07-15,1.0,1.0,-0.484995464817743,1.0,0,1.0,1.0,2022-06-30,obj1_long_only_combination,45,1.0,159.01
2022-07-18,1.0,1.0,-0.5726628437898676,1.0,0,1.0,1.0,2022-06-30,obj1_long_only_combination,45,1.0,159.16
2022-07-19,1.0,1.0,-0.618629606284691,1.0,0,1.0,1.0,2022-06-30,obj1_long_only_combination,45,1.0,159.54
2022-07-20,1.0,1.0,-0.6478392546927713,-0.7126634525272503,0,1.0,1.0,2022-06-30,obj1_long_only_combination,45,1.0,158.04
2022-07-21,0.8416561917234726,0.8416561917234726,-0.7380432610266422,-1.0,0,0.8416561917234726,0.8416561917234726,2022-06-30,obj1_long_only_combination,45,1.0,160.27
2022-07-22,0.7544148503142077,0.7544148503142077,-0.7972696665487963,-0.12177269817800335,0,0.7544148503142077,0.7544148503142077,2022-06-30,obj1_long_only_combination,45,1.0,160.67
2022-07-25,0.7678035089585272,0.7678035089585272,-0.7945024366996332,1.0,0,0.7678035089585272,0.7678035089585272,2022-06-30,obj1_long_only_combination,45,1.0,160.23
2022-07-26,0.7524247142169735,0.7524247142169735,-0.8954294586990886,1.0,0,0.7524247142169735,0.7524247142169735,2022-06-30,obj1_long_only_combination,45,1.0,160.04
2022-07-27,0.49602327146388797,0.49602327146388797,-0.8835918643442345,-1.0,0,0.49602327146388797,0.49602327146388797,2022-06-30,obj1_long_only_combination,45,1.0,161.67
2022-07-28,0.15703035213628394,0.15703035213628394,-0.8017664150537351,1.0,0,0.15703035213628394,0.15703035213628394,2022-06-30,obj1_long_only_combination,45,1.0,163.64
2022-07-29,0.011151076208081888,0.011151076208081888,-0.7810506249327003,1.0,0,0.011151076208081888,0.011151076208081888,2022-06-30,obj1_long_only_combination,45,1.0,164.1
2022-08-01,-0.25722683013735714,-0.25722683013735714,-0.821098590250131,1.0,0,-0.25722683013735714,0.0,2022-06-30,obj1_long_only_combination,45,1.0,165.03
2022-08-02,-0.16879580908546776,-0.16879580908546776,-0.7734407428474616,-1.0,0,-0.16879580908546776,0.0,2022-06-30,obj1_long_only_combination,45,1.0,164.05
2022-08-03,-0.4200511155533373,-0.4200511155533373,-0.8133349731732198,1.0,0,-0.4200511155533373,0.0,2022-06-30,obj1_long_only_combination,45,1.0,164.45
2022-08-04,-0.9720805686734293,-0.9720805686734293,-0.8924316263624856,-0.7692649009019416,0,-0.9720805686734293,0.0,2022-06-30,obj1_long_only_combination,45,1.0,167.17
2022-08-05,-0.44133456363771223,-0.44133456363771223,-0.899772472212378,1.0,0,-0.44133456363771223,0.0,2022-06-30,obj1_long_only_combination,45,1.0,165.29
2022-08-08,-0.6286718840598311,-0.6286718840598311,-0.8528832997678641,1.0,0,-0.6286718840598311,0.0,2022-06-30,obj1_long_only_combination,45,1.0,166.69
2022-08-09,-0.6080716260884999,-0.6080716260884999,-0.831667870924089,1.0,0,-0.6080716260884999,0.0,2022-06-30,obj1_long_only_combination,45,1.0,167.2
2022-08-10,-0.4379073883034198,-0.4379073883034198,-0.819292204098565,1.0,0,-0.4379073883034198,0.0,2022-06-30,obj1_long_only_combination,45,1.0,166.78
2022-08-11,-0.29298987293920203,-0.29298987293920203,-0.7894291819760948,1.0,0,-0.29298987293920203,0.0,2022-06-30,obj1_long_only_combination,45,1.0,166.34
2022-08-12,-0.4696565649602139,-0.4696565649602139,-0.7501883253647263,1.0,0,-0.4696565649602139,0.0,2022-06-30,obj1_long_only_combination,45,1.0,167.87
2022-08-15,-0.06216122876635743,-0.06216122876635743,-0.7194028932925198,1.0,0,-0.06216122876635743,0.0,2022-06-30,obj1_long_only_combination,45,1.0,165.71
2022-08-16,0.02595329137511884,0.02595329137511884,-0.5980675511553056,1.0,0,0.02595329137511884,0.02595329137511884,2022-06-30,obj1_long_only_combination,45,1.0,165.42
2022-08-17,0.25531807093487935,0.25531807093487935,-0.41708303226901017,1.0,0,0.25531807093487935,0.25531807093487935,2022-06-30,obj1_long_only_combination,45,1.0,164.35
2022-08-18,0.37588609383399507,0.37588609383399507,-0.24317032299723765,1.0,0,0.37588609383399507,0.37588609383399507,2022-06-30,obj1_long_only_combination,45,1.0,163.92
2022-08-19,0.7003118706962773,0.7003118706962773,-0.09950497332697872,1.0,0,0.7003118706962773,0.7003118706962773,2022-06-30,obj1_long_only_combination,45,1.0,162.72
2022-08-22,0.9836329751344343,0.9836329751344343,0.06018724921982003,1.0,0,0.9836329751344343,0.9836329751344343,2022-06-30,obj1_long_only_combination,45,1.0,161.64
2022-08-23,0.7594760525983624,0.7594760525983624,0.15803957138685926,-0.7559488920916604,0,0.7594760525983624,0.7594760525983624,2022-06-30,obj1_long_only_combination,45,1.0,162.77
2022-08-24,0.7035365276754488,0.7035365276754488,0.17683367411256223,1.0,0,0.7035365276754488,0.7035365276754488,2022-06-30,obj1_long_only_combination,45,1.0,163.25
2022-08-25,0.6508040392488483,0.6508040392488483,0.2606961120420675,1.0,0,0.6508040392488483,0.6508040392488483,2022-06-30,obj1_long_only_combination,45,1.0,163.75
2022-08-26,1.0,1.0,0.34713361108124857,-1.0,0,1.0,1.0,2022-06-30,obj1_long_only_combination,45,1.0,161.76
2022-08-29,1.0,1.0,0.40985748766276897,1.0,0,1.0,1.0,2022-06-30,obj1_long_only_combination,45,1.0,161.86
2022-08-30,1.0,1.0,0.44333328208832534,1.0,0,1.0,1.0,2022-06-30,obj1_long_only_combination,45,1.0,160.51
2022-08-31,1.0,1.0,0.5301551186065498,0.32097279205574025,0,1.0,1.0,2022-06-30,obj1_long_only_combination,45,1.0,159.27
2022-09-01,-0.38411586388238333,1.0,0.22878245285860674,-0.38411586388238333,0,-0.38411586388238333,0.0,2022-08-31,obj1_long_only_combination,45,1.0,157.87
2022-09-02,-0.652347616490229,1.0,0.1440213297511785,-0.652347616490229,0,-0.652347616490229,0.0,2022-08-31,obj1_long_only_combination,45,1.0,159.26
2022-09-06,0.11761297510770993,1.0,0.03574051522836285,0.11761297510770993,0,0.11761297510770993,0.11761297510770993,2022-08-31,obj1_long_only_combination,45,1.0,158.33
2022-09-07,1.0,1.0,-0.06708702638912799,1.0,0,1.0,1.0,2022-08-31,obj1_long_only_combination,45,1.0,159.94
2022-09-08,-0.24996683252601484,1.0,-0.1815665252215857,-0.24996683252601484,0,-0.24996683252601484,0.0,2022-08-31,obj1_long_only_combination,45,1.0,158.98
2022-09-09,-0.6238615708092718,1.0,-0.26756346197304187,-0.6238615708092718,0,-0.6238615708092718,0.0,2022-08-31,obj1_long_only_combination,45,1.0,159.82
2022-09-12,-0.3410933801579504,0.960525371949179,-0.36666394656890755,-0.3410933801579504,0,-0.3410933801579504,0.0,2022-08-31,obj1_long_only_combination,45,1.0,160.63
2022-09-13,-0.5015184075108589,1.0,-0.45185662364727436,-0.5015184075108589,0,-0.5015184075108589,0.0,2022-08-31,obj1_long_only_combination,45,1.0,158.54
2022-09-14,0.8018828752686359,1.0,-0.5381478017425445,0.8018828752686359,0,0.8018828752686359,0.8018828752686359,2022-08-31,obj1_long_only_combination,45,1.0,157.93
2022-09-15,1.0,1.0,-0.6143170776106663,1.0,0,1.0,1.0,2022-08-31,obj1_long_only_combination,45,1.0,154.98
2022-09-16,0.3992236251913906,1.0,-0.6640634808044842,0.3992236251913906,0,0.3992236251913906,0.3992236251913906,2022-08-31,obj1_long_only_combination,45,1.0,155.84
2022-09-19,-0.446174419342029,1.0,-0.6930168290355849,-0.446174419342029,0,-0.446174419342029,0.0,2022-08-31,obj1_long_only_combination,45,1.0,155.96
2022-09-20,-0.8405237386211442,1.0,-0.7050807241318711,-0.8405237386211442,0,-0.8405237386211442,0.0,2022-08-31,obj1_long_only_combination,45,1.0,155.07
2022-09-21,0.7025490870709138,1.0,-0.7361133778592419,0.7025490870709138,0,0.7025490870709138,0.7025490870709138,2022-08-31,obj1_long_only_combination,45,1.0,155.79
2022-09-22,-0.420213849571344,1.0,-0.7711280977728756,-0.420213849571344,0,-0.420213849571344,0.0,2022-08-31,obj1_long_only_combination,45,1.0,155.7
2022-09-23,-0.16629102961219477,1.0,-0.807496327868027,-0.16629102961219477,0,-0.16629102961219477,0.0,2022-08-31,obj1_long_only_combination,45,1.0,153.01
2022-09-26,0.43284056886848277,1.0,-0.8417656363773435,0.43284056886848277,0,0.43284056886848277,0.43284056886848277,2022-08-31,obj1_long_only_combination,45,1.0,151.23
2022-09-27,-0.5598583484181794,1.0,-0.8645987646571468,-0.5598583484181794,0,-0.5598583484181794,0.0,2022-08-31,obj1_long_only_combination,45,1.0,151.54
2022-09-28,0.2919012521921118,1.0,-0.846355801340799,0.2919012521921118,0,0.2919012521921118,0.2919012521921118,2022-08-31,obj1_long_only_combination,45,1.0,154.69
2022-09-29,0.037010015172741724,1.0,-0.8145581201195228,0.037010015172741724,0,0.037010015172741724,0.037010015172741724,2022-08-31,obj1_long_only_combination,45,1.0,154.66
2022-09-30,-0.5481931081587247,1.0,-0.7669302546011513,-0.5481931081587247,0,-0.5481931081587247,0.0,2022-08-31,obj1_long_only_combination,45,1.0,154.67
2022-10-03,1.0,0.13399033893028198,-0.7042568483692091,1.0,0,1.0,1.0,2022-08-31,obj1_long_only_combination,45,1.0,158.43
2022-10-04,-0.09589602600989448,-0.347439677379401,-0.632403112210317,-0.09589602600989448,0,-0.09589602600989448,0.0,2022-08-31,obj1_long_only_combination,45,1.0,160.7
2022-10-05,-0.4837859118788277,-0.12483050203288816,-0.590169671328506,-0.4837859118788277,0,-0.4837859118788277,0.0,2022-08-31,obj1_long_only_combination,45,1.0,159.81
2022-10-06,-0.8236237465970981,-0.05723352790249593,-0.5442091734250698,-0.8236237465970981,0,-0.8236237465970981,0.0,2022-08-31,obj1_long_only_combination,45,1.0,159.63
2022-10-07,-0.5103819400354281,0.3144382003086085,-0.5234553506415209,-0.5103819400354281,0,-0.5103819400354281,0.0,2022-08-31,obj1_long_only_combination,45,1.0,157.88
2022-10-10,-0.403552200261191,0.8458687720513179,-0.5373631581590432,-0.403552200261191,0,-0.403552200261191,0.0,2022-08-31,obj1_long_only_combination,45,1.0,155.48
2022-10-11,0.866672462552366,0.8807986035823674,-0.5329299219122771,0.866672462552366,0,0.866672462552366,0.866672462552366,2022-08-31,obj1_long_only_combination,45,1.0,155.16
2022-10-12,-0.540326378271766,0.623911625374328,-0.5063697366108408,-0.540326378271766,0,-0.540326378271766,0.0,2022-08-31,obj1_long_only_combination,45,1.0,155.99
2022-10-13,1.0,0.8731618284866326,-0.44189165013683873,1.0,0,1.0,1.0,2022-08-31,obj1_long_only_combination,45,1.0,154.91
2022-10-14,-0.2511398844309752,1.0,-0.39665694754814723,-0.2511398844309752,0,-0.2511398844309752,0.0,2022-08-31,obj1_long_only_combination,45,1.0,152.98
2022-10-17,0.12279647709949831,1.0,-0.3660950799708756,0.12279647709949831,0,0.12279647709949831,0.12279647709949831,2022-08-31,obj1_long_only_combination,45,1.0,153.42
2022-10-18,-0.6741423431749405,1.0,-0.32058575212795826,-0.6741423431749405,0,-0.6741423431749405,0.0,2022-08-31,obj1_long_only_combination,45,1.0,153.75
2022-10-19,-0.6886588718876648,1.0,-0.3076783651793987,-0.6886588718876648,0,-0.6886588718876648,0.0,2022-08-31,obj1_long_only_combination,45,1.0,151.69
2022-10-20,0.62347275078317,1.0,-0.3046771034725105,0.62347275078317,0,0.62347275078317,0.62347275078317,2022-08-31,obj1_long_only_combination,45,1.0,151.45
2022-10-21,0.7542687173069408,0.8252367212977738,-0.25983472267557356,0.7542687173069408,0,0.7542687173069408,0.7542687173069408,2022-08-31,obj1_long_only_combination,45,1.0,154.15
2022-10-24,-0.5443782343731502,0.9207977481571047,-0.18258656188012096,-0.5443782343731502,0,-0.5443782343731502,0.0,2022-08-31,obj1_long_only_combination,45,1.0,153.65
2022-10-25,-0.5729491616974894,0.8506373116734808,-0.1148325884450126,-0.5729491616974894,0,-0.5729491616974894,0.0,2022-08-31,obj1_long_only_combination,45,1.0,154.0
2022-10-26,-0.5819113366776951,0.6592309221065336,-0.07193220051723678,-0.5819113366776951,0,-0.5819113366776951,0.0,2022-08-31,obj1_long_only_combination,45,1.0,154.98
2022-10-27,-0.45258456909251027,0.7630993659135306,-0.0375648115600031,-0.45258456909251027,0,-0.45258456909251027,0.0,2022-08-31,obj1_long_only_combination,45,1.0,154.74
2022-10-28,0.7886194527703152,1.0,-0.006041755592937113,0.7886194527703152,0,0.7886194527703152,0.7886194527703152,2022-08-31,obj1_long_only_combination,45,1.0,153.16
2022-10-31,0.2880583530799554,1.0,-0.027148667989048577,0.2880583530799554,0,0.2880583530799554,0.2880583530799554,2022-08-31,obj1_long_only_combination,45,1.0,151.91
2022-11-01,-0.8361592102342464,0.6838824443661512,-0.8361592102342464,0.3998067252023124,0,-0.8361592102342464,0.0,2022-10-31,obj1_long_only_combination,45,0.7907437239160431,153.46
2022-11-02,-0.8098966860870181,0.8592876323146038,-0.8098966860870181,-1.0,-1,-0.8098966860870181,0.0,2022-10-31,obj1_long_only_combination,45,0.7907437239160431,152.39
2022-11-03,-0.7767773355515546,0.9639107300578826,-0.7767773355515546,-0.295529140480772,0,-0.7767773355515546,0.0,2022-10-31,obj1_long_only_combination,45,0.7907437239160431,151.81
2022-11-04,-0.7240105401728634,-0.25509901375852745,-0.7240105401728634,-1.0,0,-0.7240105401728634,0.0,2022-10-31,obj1_long_only_combination,45,0.7907437239160431,156.47
2022-11-07,-0.6747380890112782,-0.23264893293796807,-0.6747380890112782,1.0,0,-0.6747380890112782,0.0,2022-10-31,obj1_long_only_combination,45,0.7907437239160431,155.85
2022-11-08,-0.623619569206691,-1.0,-0.623619569206691,-1.0,0,-0.623619569206691,0.0,2022-10-31,obj1_long_only_combination,45,0.7907437239160431,159.45
2022-11-09,-0.5903244026099811,-0.7990952304820269,-0.5903244026099811,-0.8415221207083138,0,-0.5903244026099811,0.0,2022-10-31,obj1_long_only_combination,45,0.7907437239160431,158.65
2022-11-10,-0.5450297898338705,-1.0,-0.5450297898338705,-0.6816787510329009,0,-0.5450297898338705,0.0,2022-10-31,obj1_long_only_combination,45,0.7907437239160431,163.48
2022-11-11,-0.5075809687904398,-1.0,-0.5075809687904398,0.49378096108475134,0,-0.5075809687904398,0.0,2022-10-31,obj1_long_only_combination,45,0.7907437239160431,164.56
2022-11-14,-0.4843732487072075,-0.9080537636183241,-0.4843732487072075,0.5110935574498765,0,-0.4843732487072075,0.0,2022-10-31,obj1_long_only_combination,45,0.7907437239160431,164.92
2022-11-15,-0.4486386342608468,-0.780634093072905,-0.4486386342608468,-0.47416299379855986,0,-0.4486386342608468,0.0,2022-10-31,obj1_long_only_combination,45,0.7907437239160431,165.5
2022-11-16,-0.4009265506427146,-0.6005576841899325,-0.4009265506427146,0.7715184534701193,0,-0.4009265506427146,0.0,2022-10-31,obj1_long_only_combination,45,0.7907437239160431,165.12
2022-11-17,-0.32675414980846745,-0.3862425990494587,-0.32675414980846745,1.0,0,-0.32675414980846745,0.0,2022-10-31,obj1_long_only_combination,45,0.7907437239160431,163.92
2022-11-18,-0.2593286903241866,-0.2113134841014154,-0.2593286903241866,0.4811035726606161,0,-0.2593286903241866,0.0,2022-10-31,obj1_long_only_combination,45,0.7907437239160431,162.79
2022-11-21,-0.20807830847367878,-0.0714242622962192,-0.20807830847367878,0.04650689981949216,0,-0.20807830847367878,0.0,2022-10-31,obj1_long_only_combination,45,0.7907437239160431,161.88
2022-11-22,-0.14792723852304693,-0.053370304869748114,-0.14792723852304693,0.5333987338034916,0,-0.14792723852304693,0.0,2022-10-31,obj1_long_only_combination,45,0.7907437239160431,162.07
2022-11-23,-0.10078655710396801,-0.11953216891974917,-0.10078655710396801,-0.8305532121482571,0,-0.10078655710396801,0.0,2022-10-31,obj1_long_only_combination,45,0.7907437239160431,163.08
2022-11-25,-0.06072247214964023,-0.09196879905694327,-0.06072247214964023,0.9317801297930841,0,-0.06072247214964023,0.0,2022-10-31,obj1_long_only_combination,45,0.7907437239160431,163.22
2022-11-28,-0.00907650416134788,0.08373594744159872,-0.00907650416134788,0.07888002409672282,0,-0.00907650416134788,0.0,2022-10-31,obj1_long_only_combination,45,0.7907437239160431,161.93
2022-11-29,0.06913966608135096,0.02917462119872922,0.06913966608135096,0.3133090524161001,0,0.06913966608135096,0.08743625019108192,2022-10-31,obj1_long_only_combination,45,0.7907437239160431,162.73
2022-11-30,0.14307031983139706,-0.16397180177941717,0.14307031983139706,-1.0,0,0.14307031983139706,0.1809313378079843,2022-10-31,obj1_long_only_combination,45,0.7907437239160431,164.81
2022-12-01,0.20658387195315817,-0.46387921833915613,0.20658387195315817,0.5315712588683941,0,0.20658387195315817,0.26125262294853463,2022-10-31,obj1_long_only_combination,45,0.7907437239160431,167.84
2022-12-02,0.2627571035183043,-0.34184501852690347,0.2627571035183043,-0.6721312794038747,0,0.2627571035183043,0.3322911021247668,2022-10-31,obj1_long_only_combination,45,0.7907437239160431,167.26
2022-12-05,0.31807323178491537,0.05750908185307429,0.31807323178491537,-1.0,0,0.31807323178491537,0.4022456608440773,2022-10-31,obj1_long_only_combination,45,0.7907437239160431,164.39
2022-12-06,0.34666531874353645,0.008591588070323373,0.34666531874353645,0.3016995258049095,0,0.34666531874353645,0.4384041355734409,2022-10-31,obj1_long_only_combination,45,0.7907437239160431,164.84
2022-12-07,0.3447972730928941,-0.2340997942825986,0.3447972730928941,-0.17208220617147585,0,0.3447972730928941,0.43604174483401,2022-10-31,obj1_long_only_combination,45,0.7907437239160431,166.33
2022-12-08,0.3470389278736582,-0.27786280137023095,0.3470389278736582,0.5058183036181164,0,0.3470389278736582,0.43887661372131853,2022-10-31,obj1_long_only_combination,45,0.7907437239160431,166.47
2022-12-09,0.33270991888286466,-0.3784551076076926,0.33270991888286466,-0.8072106541304956,0,0.33270991888286466,0.42075568710829253,2022-10-31,obj1_long_only_combination,45,0.7907437239160431,167.06
2022-12-12,0.3364020561688237,-0.003977900353871873,0.3364020561688237,-0.01820081277388707,0,0.3364020561688237,0.4254248829226763,2022-10-31,obj1_long_only_combination,45,0.7907437239160431,165.68
2022-12-13,0.3682027862450243,-0.7114963295046238,0.3682027862450243,-1.0,0,0.3682027862450243,0.4656411111574223,2022-10-31,obj1_long_only_combination,45,0.7907437239160431,168.51
2022-12-14,0.39604765494339067,-0.4953102140937376,0.39604765494339067,-1.0,0,0.39604765494339067,0.5008546295910163,2022-10-31,obj1_long_only_combination,45,0.7907437239160431,168.1
2022-12-15,0.4152995136488338,0.2443894336690217,0.4152995136488338,0.20941699920998663,0,0.4152995136488338,0.5252011506232682,2022-10-31,obj1_long_only_combination,45,0.7907437239160431,165.35
2022-12-16,0.44661674955660974,-0.11642479852546499,0.44661674955660974,0.07848928903597202,0,0.44661674955660974,0.564805936548956,2022-10-31,obj1_long_only_combination,45,0.7907437239160431,166.79
2022-12-19,0.47613187083673186,0.024117626964249714,0.47613187083673186,0.17152844372482665,0,0.47613187083673186,0.6021317102319297,2022-10-31,obj1_long_only_combination,45,0.7907437239160431,166.32
2022-12-20,0.4961089707947556,-0.5691188926849089,0.4961089707947556,-0.8441979640108687,0,0.4961089707947556,0.6273953947276979,2022-10-31,obj1_long_only_combination,45,0.7907437239160431,169.08
2022-12-21,0.5146136112399214,-0.41925548143741387,0.5146136112399214,0.6283913167660131,0,0.5146136112399214,0.6507969594641517,2022-10-31,obj1_long_only_combination,45,0.7907437239160431,168.8
2022-12-22,0.5675122686645334,0.10545162718075078,0.5675122686645334,-1.0,0,0.5675122686645334,0.7176943066383272,2022-10-31,obj1_long_only_combination,45,0.7907437239160431,166.76
2022-12-23,0.6234217761378045,0.015873530990098004,0.6234217761378045,0.3801504961494411,0,0.6234217761378045,0.7883992718277913,2022-10-31,obj1_long_only_combination,45,0.7907437239160431,167.26
2022-12-27,0.6587608044463918,-0.31086578272263343,0.6587608044463918,-1.0,0,0.6587608044463918,0.8330901460513337,2022-10-31,obj1_long_only_combination,45,0.7907437239160431,168.67
2022-12-28,0.721615046338527,-0.0604984204840162,0.721615046338527,0.2064711550196942,0,0.721615046338527,0.912577646225042,2022-10-31,obj1_long_only_combination,45,0.7907437239160431,167.91
2022-12-29,0.7984246880913227,-0.32555837987796854,0.7984246880913227,1.0,0,0.7984246880913227,1.0,2022-10-31,obj1_long_only_combination,45,0.7907437239160431,168.85
2022-12-30,0.8624876654044631,-0.5733058505824897,0.8624876654044631,0.5516547703835695,0,0.8624876654044631,1.0,2022-10-31,obj1_long_only_combination,45,0.7907437239160431,169.64
