Date,target_future_return,target_future_direction,adaptive_band_rank01_score,adaptive_band_rank02_score,adaptive_band_rank03_score,adaptive_band_rank04_score,adaptive_band_rank05_score,adaptive_band_rank06_score,adaptive_band_rank07_score,adaptive_band_rank08_score,adaptive_band_rank09_score,adaptive_band_rank10_score,ma_crossover_rank01_score,ma_crossover_rank02_score,ma_crossover_rank03_score,ma_crossover_rank04_score,ma_crossover_rank05_score,ma_crossover_rank06_score,ma_crossover_rank07_score,ma_crossover_rank08_score,ma_crossover_rank09_score,ma_crossover_rank10_score,adaptive_volatility_band_rank01_score,adaptive_volatility_band_rank02_score,adaptive_volatility_band_rank03_score,adaptive_volatility_band_rank04_score,adaptive_volatility_band_rank05_score,adaptive_volatility_band_rank06_score,adaptive_volatility_band_rank07_score,adaptive_volatility_band_rank08_score,adaptive_volatility_band_rank09_score,adaptive_volatility_band_rank10_score,fear_greed_candle_volume_rank01_score,fear_greed_candle_volume_rank02_score,fear_greed_candle_volume_rank03_score,fear_greed_candle_volume_rank04_score,fear_greed_candle_volume_rank05_score,fear_greed_candle_volume_rank06_score,fear_greed_candle_volume_rank07_score,fear_greed_candle_volume_rank08_score,fear_greed_candle_volume_rank09_score,fear_greed_candle_volume_rank10_score,predicted_future_return__ols,predicted_future_direction__ols,long_short_strategy_return__ols,predicted_future_return__ridge,predicted_future_direction__ridge,long_short_strategy_return__ridge,predicted_future_return__lasso,predicted_future_direction__lasso,long_short_strategy_return__lasso,predicted_future_return__elastic_net,predicted_future_direction__elastic_net,long_short_strategy_return__elastic_net
2024-04-11,0.05982711555959952,1.0,-1.0,-1.0,-1.0,-1.0,-1.0,-1.0,-1.0,-1.0,-1.0,-1.0,0.8799224382499168,0.8881172913721099,1.0,1.0,1.0,1.0,0.7940142519248901,0.9426208051934423,0.5745885233611518,0.8501139906916347,-1.0,-1.0,-1.0,-1.0,1.0,0.6061867365541849,0.6520777861700185,0.7006683092926659,0.752203712604565,0.8069600786234574,0,0,0,0,0,0,0,0,0,0,0.059557029882688364,1.0,0.05982711555959952,0.05259733820856205,1.0,0.05982711555959952,0.07545670150911296,1.0,0.05982711555959952,0.07295026341983366,1.0,0.05982711555959952
2024-04-12,0.06639310249435204,1.0,-1.0,-1.0,-1.0,-1.0,-1.0,-1.0,-1.0,-1.0,-1.0,-1.0,0.9453814320293582,0.7720570554684606,1.0,1.0,1.0,1.0,0.8657116075754644,0.7418459766504432,0.6429100379895093,0.8861580519784275,-1.0,-1.0,-1.0,-1.0,1.0,1.0,1.0,1.0,1.0,1.0,0,0,0,0,0,0,0,0,0,0,0.06639310249435232,1.0,0.06639310249435204,0.059241169920511635,1.0,0.06639310249435204,0.07545670150911296,1.0,0.06639310249435204,0.07295026341983366,1.0,0.06639310249435204
2024-04-15,0.0422720072414573,1.0,-1.0,-1.0,-1.0,-1.0,-1.0,-1.0,-1.0,-1.0,-1.0,-1.0,1.0,0.6938927308460591,1.0,1.0,1.0,1.0,1.0,0.6321658551908311,0.7755179710802886,0.9395011614719749,-1.0,-1.0,-1.0,-1.0,1.0,-0.012067844288245361,0.01615878873209048,0.04604581193009313,0.07774416986736891,0.11142367517572446,0,0,0,0,0,0,0,0,0,0,0.045873444825664675,1.0,0.0422720072414573,0.05323048604885864,1.0,0.0422720072414573,0.07545670150911296,1.0,0.0422720072414573,0.07295026341983366,1.0,0.0422720072414573
2024-04-16,0.04163276376457836,1.0,-1.0,-1.0,-1.0,-1.0,-1.0,-1.0,-1.0,-1.0,-1.0,-1.0,1.0,0.6594914509773726,1.0,1.0,1.0,1.0,1.0,0.5476153080990541,0.9088137046538746,0.9913457758195959,-0.5333857755923583,-0.44006293071083025,-0.4750589975414034,-0.5059378800389677,1.0,-0.7423590559085829,-0.7349978860773996,-0.7272037062561466,-0.7189371519002722,-0.7101539378971556,0,0,0,0,0,0,0,0,0,0,0.044474005701881494,1.0,0.04163276376457836,0.04788789658157,1.0,0.04163276376457836,0.07545670150911296,1.0,0.04163276376457836,0.07295026341983366,1.0,0.04163276376457836
2024-04-17,0.058108292727355515,1.0,-1.0,-1.0,-1.0,-1.0,-1.0,-1.0,-1.0,-1.0,-1.0,-1.0,1.0,0.6812928212576295,1.0,0.9881898836271474,0.9976204325524825,1.0,1.0,0.5766713784618597,0.9993741015606155,1.0,-0.5122606650991975,-0.4147127981190375,-0.4512932482365974,-0.4835701159873857,1.0,-0.7477493104119564,-0.740542147852298,-0.7329110345538361,-0.7248174295403157,-0.7162179742134507,0,0,0,0,0,0,0,0,0,0,0.04953251772943573,1.0,0.058108292727355515,0.04604462389970376,1.0,0.058108292727355515,0.07545670150911296,1.0,0.058108292727355515,0.07295026341983366,1.0,0.058108292727355515
2024-04-18,0.04670055368975223,1.0,-1.0,-1.0,-1.0,-1.0,-1.0,-1.0,-1.0,-1.0,-1.0,-1.0,1.0,0.704536929276986,1.0,0.8960133655951178,0.9128020728676322,1.0,1.0,0.3740641851211972,1.0,1.0,0.23390359883257933,0.4806843185990943,0.3881415486866514,0.3064861634697901,0.7897352210135994,-1.0,-1.0,-1.0,-1.0,-1.0,0,0,0,0,0,0,0,0,0,0,0.04573352792110553,1.0,0.04670055368975223,0.05034492943709143,1.0,0.04670055368975223,0.07545670150911296,1.0,0.04670055368975223,0.07295026341983366,1.0,0.04670055368975223
2024-04-19,0.04772675865188858,1.0,-1.0,-1.0,-1.0,-1.0,-1.0,-1.0,-1.0,-1.0,-1.0,-1.0,1.0,0.7643303933544362,1.0,0.881956446595228,0.7760562635503007,1.0,1.0,0.43714988744044353,1.0,1.0,0.20762405035069986,0.4491488604208388,0.3585770566445367,0.2786607591948587,1.0,-0.9534343403904143,-0.9521038929729976,-0.9506951839427915,-0.9492010986077246,-0.947613632939216,0,0,0,0,0,0,0,0,0,0,0.05250471521415444,1.0,0.04772675865188858,0.051648490959402445,1.0,0.04772675865188858,0.07545670150911296,1.0,0.04772675865188858,0.07295026341983366,1.0,0.04772675865188858
2024-04-22,0.0790926381221877,1.0,-1.0,-1.0,-1.0,-1.0,-1.0,-1.0,-1.0,-1.0,-1.0,-1.0,1.0,0.8459572885507644,0.9382312079555354,0.6702961170641766,0.5832584210247987,0.8624159073578104,1.0,0.17930998377048327,1.0,1.0,0.41772435378260364,0.7012692245391231,0.5949398980054282,0.5011199040051098,-1.0,-1.0,-1.0,-1.0,-1.0,-1.0,0,0,0,0,0,0,0,0,0,0,0.07136072772038692,1.0,0.0790926381221877,0.06551879089898088,1.0,0.0790926381221877,0.08201892613207964,1.0,0.0790926381221877,0.0799377910504398,1.0,0.0790926381221877
2024-04-23,0.08003162202380953,1.0,-1.0,-1.0,-1.0,-1.0,-1.0,-1.0,-1.0,-1.0,-1.0,-1.0,1.0,0.9256605334282383,0.7617358876864577,0.44694089180781255,0.41203532335678184,0.6736866337661344,1.0,-0.07538872310350506,1.0,1.0,0.24910735298756087,0.49892882358507173,0.4052457721110051,0.322584256104476,0.5160676462239214,-0.9827215327677439,-0.9822278622753937,-0.981705152342317,-0.981150763019357,-0.9805617243637119,0,0,0,0,0,0,0,0,0,0,0.08996293932010443,1.0,0.08003162202380953,0.08010534841330742,1.0,0.08003162202380953,0.091020576413401,1.0,0.08003162202380953,0.0895228454604412,1.0,0.08003162202380953
2024-04-24,0.10105292582929559,1.0,-1.0,-1.0,-1.0,-1.0,-1.0,-1.0,-1.0,-1.0,-1.0,-1.0,0.9155149527602158,0.9730785137877709,0.6251828019888881,0.25797902984215243,0.3410713341441434,0.5109379528361837,1.0,-0.3091461180042876,1.0,1.0,0.23512900188691221,0.4821548022642934,0.38952012712277545,0.3077836490567303,0.7676779660356099,-0.9431442282231866,-0.9415197776009917,-0.9397997710598447,-0.9379755216980217,-0.9360372567510848,0,0,0,0,0,0,0,0,0,0,0.09610686274596944,1.0,0.10105292582929559,0.09150440283939168,1.0,0.10105292582929559,0.09878305375248819,1.0,0.10105292582929559,0.097788415142252,1.0,0.10105292582929559
2024-04-25,0.10540941089292333,1.0,-1.0,-1.0,-1.0,-1.0,-1.0,-1.0,-1.0,-1.0,-1.0,-1.0,0.7797818901121846,1.0,0.4370795554255715,0.08226754234359467,0.12490085135636,0.36360497166594846,1.0,-0.4389822522380994,1.0,1.0,-0.18626086493856256,-0.023513037926276018,-0.08454347305588364,-0.13839385699377224,1.0,-0.729658262669159,-0.7219342130311349,-0.7137558075320506,-0.705081741093628,-0.6958655455028037,0,0,0,0,0,0,0,0,0,0,0.10250564652144531,1.0,0.10540941089292333,0.10502571248345897,1.0,0.10540941089292333,0.10581026233629455,1.0,0.10540941089292333,0.10527106271477306,1.0,0.10540941089292333
2024-04-26,0.10174499122887992,1.0,-1.0,-1.0,-1.0,-1.0,-1.0,-1.0,-1.0,-1.0,-1.0,-1.0,0.605528226750988,1.0,0.3325168177829751,-0.08261320428620988,0.08502987679128525,0.2123255713572223,0.9812726507040723,-0.6638395895502837,1.0,1.0,0.6109672371226373,0.9331606845471634,0.8123381417629664,0.7057300157769102,-1.0,-1.0,-1.0,-1.0,-1.0,-1.0,0,0,0,0,0,0,0,0,0,0,0.09578267970085717,1.0,0.10174499122887992,0.11320307220970548,1.0,0.10174499122887992,0.11302569972145297,1.0,0.10174499122887992,0.11295413834727248,1.0,0.10174499122887992
2024-04-29,0.09788139513368477,1.0,-1.0,-1.0,-1.0,-1.0,-1.0,-1.0,-1.0,-1.0,-1.0,-1.0,0.4345279925041083,1.0,0.16890903773033678,-0.11671851595805743,-0.059965099677433846,0.15978886657609115,0.8333798737220877,-0.5070415161509884,1.0,1.0,0.36672654678523253,0.6400718561422778,0.5375673651333861,0.44712222600789325,-1.0,-0.8765085403781464,-0.8729802129603786,-0.8692443368709781,-0.8652820440488869,-0.8610721079254141,0,0,0,0,0,0,0,0,0,0,0.104802348924005,1.0,0.09788139513368477,0.11642338998683621,1.0,0.09788139513368477,0.11553149563945106,1.0,0.09788139513368477,0.11562233689573304,1.0,0.09788139513368477
2024-04-30,0.11157785434464529,1.0,-1.0,-1.0,-1.0,-1.0,-1.0,-1.0,-1.0,-1.0,-1.0,-1.0,0.2644387184091924,1.0,-0.010968119333138751,-0.1954142182279102,-0.23393791972924965,0.04990575868879993,0.6472988209935827,-0.4282498298518452,1.0,1.0,0.08319319704559756,0.29983183645471617,0.2185923466762965,0.1469104439306324,1.0,-0.3324548660537117,-0.31338214794096075,-0.2931875052333423,-0.2717689447858671,-0.24901172431042573,0,0,0,0,0,0,0,0,0,0,0.12608772555077818,1.0,0.11157785434464529,0.12621456454993557,1.0,0.11157785434464529,0.12077249132709476,1.0,0.11157785434464529,0.1212030056907524,1.0,0.11157785434464529
2024-05-01,0.11871462650264286,1.0,-1.0,-1.0,-1.0,-1.0,-1.0,-1.0,-1.0,-1.0,-1.0,-1.0,0.1965721870851879,1.0,-0.12659037730329895,-0.22105081230556534,-0.3794616889640832,-0.01751223492704566,0.5097908399458333,-0.32092560598922143,0.8015626826969879,0.9718791626785096,-0.4238239211608255,-0.30858870539299105,-0.351801911305929,-0.3899312106408739,1.0,0.6444595328699829,0.6914440909519826,0.7411924465682175,0.7939558540399818,0.8500169744787315,0,0,0,0,0,0,0,0,0,0,0.14219573945433536,1.0,0.11871462650264286,0.14021246078024843,1.0,0.11871462650264286,0.12398806668352406,1.0,0.11871462650264286,0.12462698504871411,1.0,0.11871462650264286
2024-05-02,0.13644254680242107,1.0,-1.0,-1.0,-1.0,-1.0,-1.0,-1.0,-1.0,-1.0,-1.0,-1.0,-0.008458915697148156,1.0,-0.27310617139514454,-0.29461919575988316,-0.4671355295859499,-0.11609049632387074,0.3182758823680337,-0.2782576828438337,0.6545109394666826,0.9251769855475387,0.1743518028860928,0.40922216346331036,0.3211457782468537,0.24343132070292167,1.0,-0.4982350703129291,-0.48389892946472707,-0.46871948621368964,-0.45262007670501375,-0.43551445410204503,0,0,0,0,0,0,0,0,0,0,0.14018847813578567,1.0,0.13644254680242107,0.13737094241542386,1.0,0.13644254680242107,0.12868986528396142,1.0,0.13644254680242107,0.12963351096358727,1.0,0.13644254680242107
2024-05-03,0.139556724267468,1.0,-1.0,-1.0,-1.0,-1.0,-1.0,-1.0,-1.0,-1.0,-1.0,-1.0,-0.06819187423544397,1.0,-0.4010675636150845,-0.3664016591773234,-0.6406853154248687,-0.22108168882073928,0.19338663591478736,-0.25810167006963386,0.4717394244944049,0.8879357869947198,-0.04028795159713299,0.1516544580834397,0.07967605445322506,0.016165698308918015,1.0,-0.15833569522910607,-0.1342881436642233,-0.10882603024258268,-0.0818207584317522,-0.053127657132744345,0,0,0,0,0,0,0,0,0,0,0.15603703306032846,1.0,0.139556724267468,0.1495881532153741,1.0,0.139556724267468,0.1336975356865957,1.0,0.139556724267468,0.13496573247592503,1.0,0.139556724267468
2024-05-06,0.1434479553903345,1.0,-1.0,-1.0,-1.0,-1.0,-1.0,-1.0,-1.0,-1.0,-1.0,-1.0,-0.19286327789490026,0.9761242934592537,-0.3961319099151799,-0.3816107846526092,-0.530802178626194,-0.2715629669672341,0.0397580704807717,-0.2997225276163495,0.3070341355379776,0.8424058643690467,0.6813385267851215,1.0,0.8915058426332609,0.7802407930665992,-1.0,-1.0,-1.0,-1.0,-1.0,-1.0,0,0,0,0,0,0,0,0,0,0,0.15383297718824274,1.0,0.1434479553903345,0.1456444910102722,1.0,0.1434479553903345,0.136105295770556,1.0,0.1434479553903345,0.13752954140981322,1.0,0.1434479553903345
2024-05-07,0.1471453246813874,1.0,-1.0,-1.0,-1.0,-1.0,-1.0,-1.0,-1.0,-1.0,-1.0,-1.0,-0.30777439421150615,0.8280673405854992,-0.37967973091547175,-0.30775434957944486,-0.40886256676007693,-0.23711401657084935,-0.09611973911219573,-0.15548924140097176,0.16681454377047544,0.7927122264486031,0.8411049330891951,1.0,1.0,0.9494052232709128,-1.0,-1.0,-1.0,-1.0,-1.0,-1.0,0,0,0,0,0,0,0,0,0,0,0.14015947898488773,1.0,0.1471453246813874,0.14238124902846655,1.0,0.1471453246813874,0.13446221519208806,1.0,0.1471453246813874,0.13577997146958667,1.0,0.1471453246813874
2024-05-08,0.156381683678247,1.0,-1.0,-1.0,-1.0,-1.0,-1.0,-1.0,-1.0,-1.0,-1.0,-1.0,-0.42457249941434977,0.6528227965387071,-0.38050233986544807,-0.30089872105080434,-0.31537200571096907,-0.2448835292497436,-0.1944432285243649,-0.1387361918224101,0.10486664694970811,0.7485066196437791,0.6282592552441991,0.9539111062930379,0.8317916621497233,0.7240392114350345,-1.0,-1.0,-1.0,-1.0,-1.0,-1.0,0,0,0,0,0,0,0,0,0,0,0.14204722084325572,1.0,0.156381683678247,0.14237907806640263,1.0,0.156381683678247,0.13483279064474948,1.0,0.156381683678247,0.1361745642126686,1.0,0.156381683678247
2024-05-09,0.12938465084120776,1.0,-1.0,-1.0,-1.0,-1.0,-1.0,-1.0,-1.0,-1.0,-1.0,-1.0,-0.457171859139528,0.5352557012186474,-0.3356244515940354,-0.19645120405576896,-0.2109883136798742,-0.1886881650589821,-0.29478933807491586,0.034291398356106964,-0.060067908834338817,0.7118626073483774,-0.15072869976200742,0.01912556028559038,-0.04456978723225877,-0.10077156445389017,1.0,-0.12044807368740833,-0.09531801864990598,-0.06870972508078589,-0.04048880765899112,-0.010504082898334183,0,0,0,0,0,0,0,0,0,0,0.14571342526623374,1.0,0.12938465084120776,0.1444083661890107,1.0,0.12938465084120776,0.13215249094216516,1.0,0.12938465084120776,0.1333205521502704,1.0,0.12938465084120776
2024-05-10,0.11133464404919757,1.0,-0.1945206622614128,-0.5972603311307082,-0.5606476339607724,-0.5167123973568493,-0.46301377484094375,-0.3958904966960614,-0.3095891390812123,-0.03342479471369333,0.2082190066078854,-0.4334247947136967,-0.5536034980869726,0.3956948705864126,-0.31405381690552575,-0.07443253831086076,-0.0951826979006958,-0.08517687973903744,-0.36244145344878453,0.2806135804408219,-0.08381995217493343,0.6777068711255471,0.4518292104634494,0.742195052556138,0.6333078617713798,0.5372309287260052,-1.0,-1.0,-1.0,-1.0,-1.0,-1.0,0,0,0,0,0,0,0,0,0,0,0.11893974723600655,1.0,0.11133464404919757,0.11608884016652889,1.0,0.11133464404919757,0.12721540634003742,1.0,0.11133464404919757,0.128063491160424,1.0,0.11133464404919757
2024-05-13,0.1357162674558403,1.0,-1.0,-1.0,-1.0,-1.0,-1.0,-1.0,-1.0,-1.0,-1.0,-1.0,-0.4440930741001062,0.25616610079288105,-0.26972433460076223,-0.02298651918423795,-0.10723917296811127,-0.062484969692734794,-0.3500340373762125,0.3340139259724639,-0.18731099815898916,0.6589369752847826,0.37795713384789814,0.6535485606174765,0.5502017755788846,0.45901343583895093,-1.0,-0.9467333854386509,-0.9452114821654696,-0.9436000551703363,-0.9418909659330738,-0.9400750586184823,0,0,0,0,0,0,0,0,0,0,0.12964700511510335,1.0,0.1357162674558403,0.13102535988349467,1.0,0.1357162674558403,0.12613309073226397,1.0,0.1357162674558403,0.12691102981554941,1.0,0.1357162674558403
2024-05-14,0.1264156999403916,1.0,-1.0,-1.0,-1.0,-1.0,-1.0,-1.0,-1.0,-1.0,-1.0,-1.0,-0.3036100049452033,0.14882641300130428,-0.12741298625328565,0.0844567346468495,0.025593569879965875,0.015539025357797253,-0.3078005213529801,0.37432595152085596,-0.26677488060930676,0.6462910033337357,0.652744918618935,0.9832939023427211,0.8593380334463012,0.7499652079494608,-1.0,-0.9637626525852878,-0.9627272998020103,-0.9616310439138341,-0.9604683482748594,-0.9592329841584487,0,0,0,0,0,0,0,0,0,0,0.12532313482720067,1.0,0.1264156999403916,0.12665759464928245,1.0,0.1264156999403916,0.12241165047220133,1.0,0.1264156999403916,0.12294840004639623,1.0,0.1264156999403916
2024-05-15,0.11136764905609131,1.0,-0.5427805818735943,-0.7713902909367983,-0.7506075901128708,-0.7256683491241577,-0.6951870545823974,-0.6570854364051969,-0.6080976416059388,-0.45133669824831224,-0.31417087281038913,-0.8513366982483143,-0.16631529632234038,0.11974723234810179,-0.009505703422057048,0.2454199792602838,0.11866109671620377,0.14408540708752393,-0.2612802581708619,0.5711742840688995,-0.33381250100303356,0.642846123348818,-1.0,-1.0,-1.0,-1.0,1.0,0.6528840486817153,0.700109307215479,0.7501125221335813,0.8031462349255079,0.8594945547669304,0,0,0,0,0,0,0,0,0,0,0.09639340850488931,1.0,0.11136764905609131,0.11939195219228933,1.0,0.11136764905609131,0.11628048941149732,1.0,0.11136764905609131,0.11641987355106305,1.0,0.11136764905609131
2024-05-16,0.11348452483752225,1.0,-1.0,-1.0,-1.0,-1.0,-1.0,-1.0,-1.0,-1.0,-1.0,-1.0,-0.05329116889199454,-0.012247240363309974,0.11946109973677174,0.3181818181818208,0.2506477711384869,0.20644705118217685,-0.20132617466683045,0.5518035704936833,-0.3451382822870894,0.6326441914512798,1.0,1.0,1.0,1.0,-1.0,-1.0,-1.0,-1.0,-1.0,-1.0,0,0,0,0,0,0,0,0,0,0,0.12688280500840124,1.0,0.11348452483752225,0.11477209791687629,1.0,0.11348452483752225,0.11330608220680041,1.0,0.11348452483752225,0.11325269264494868,1.0,0.11348452483752225
2024-05-17,0.09170169006527762,1.0,-0.453333397468171,-0.7266666987340867,-0.7018182168008219,-0.6720000384809037,-0.6355555983121152,-0.5900000481011294,-0.5314286264012903,-0.344000076961804,-0.18000009620225366,-0.7440000769618069,0.07899325889485627,-0.01859528641550433,0.2912035682948157,0.4172139647424779,0.44122468404632254,0.2803601929634509,-0.1563757062189572,0.5308622585204925,-0.40947055411498323,0.6307309836265875,-0.5172481635537323,-0.4206977962644791,-0.45690418399794935,-0.4888509967039518,1.0,-0.270683854983417,-0.24984625084008602,-0.22778290527655928,-0.20438238725463673,-0.17951933685634403,0,0,0,0,0,0,0,0,0,0,0.09181453696724179,1.0,0.09170169006527762,0.10261264584652792,1.0,0.09170169006527762,0.1097807136148127,1.0,0.09170169006527762,0.10949884210493947,1.0,0.09170169006527762
2024-05-20,0.07931065194157472,1.0,-1.0,-1.0,-1.0,-1.0,-1.0,-1.0,-1.0,-1.0,-1.0,-1.0,0.12161318029202539,-0.07867729804076352,0.3801367358876906,0.5566885585897019,0.5609433662947553,0.43612042333566897,-0.06258047084786038,0.720381131877905,-0.26957193590617456,0.6331169639050659,-1.0,-1.0,-1.0,-1.0,1.0,-0.036989959142311936,-0.009475386546378134,0.019657690319904705,0.05055640820838682,0.08338629596489908,0,0,0,0,0,0,0,0,0,0,0.107899740166339,1.0,0.07931065194157472,0.10279870924292503,1.0,0.07931065194157472,0.10235155811145258,1.0,0.07931065194157472,0.10158819711267308,1.0,0.07931065194157472
2024-05-21,0.07501226419301621,1.0,-1.0,-1.0,-1.0,-1.0,-1.0,-1.0,-1.0,-1.0,-1.0,-1.0,0.2639181697509226,-0.12593497420705374,0.47930681485814786,0.645235626224221,0.6174184337158227,0.5499499503614453,0.09672350631766861,0.7795403382021808,-0.11408317341972896,0.650576367680944,0.6076354981077849,0.9291625977293402,0.8085899353712572,0.7022022921141253,-1.0,-0.9021999052508044,-0.8994056168293989,-0.8964469585008518,-0.893308987546332,-0.889974893407155,0,0,0,0,0,0,0,0,0,0,0.08453556643983746,1.0,0.07501226419301621,0.0888931218316078,1.0,0.07501226419301621,0.09692233362245709,1.0,0.07501226419301621,0.09580710025767564,1.0,0.07501226419301621
2024-05-22,0.1031756848848302,1.0,-1.0,-1.0,-1.0,-1.0,-1.0,-1.0,-1.0,-1.0,-1.0,-1.0,0.3216340022383493,-0.1880688795057611,0.5486801696402388,0.5957483581057752,0.690920628205798,0.5317799789113257,0.18740934058055048,0.5677713208732613,0.001788281255380678,0.6476678494272247,-1.0,-1.0,-1.0,-1.0,1.0,0.3595296081052074,0.3983733111939275,0.4395019379937487,0.48312320884204435,0.5294708091183585,0,0,0,0,0,0,0,0,0,0,0.10055691217063396,1.0,0.1031756848848302,0.10010287861876564,1.0,0.1031756848848302,0.09778897039534817,1.0,0.1031756848848302,0.09672990445049191,1.0,0.1031756848848302
2024-05-23,0.13791025403300572,1.0,-1.0,-1.0,-1.0,-1.0,-1.0,-1.0,-1.0,-1.0,-1.0,-1.0,0.39294916842351213,-0.21153741339567064,0.5280235448961617,0.49758036640166103,0.5971127914970016,0.4621832330627736,0.2683443344749577,0.37432595152087084,0.08193996418853099,0.6318230603473287,-1.0,-1.0,-1.0,-1.0,1.0,0.2701658500378927,0.306456302896118,0.3448814882754155,0.38563547276860977,0.4289365812926294,0,0,0,0,0,0,0,0,0,0,0.1088705613584773,1.0,0.13791025403300572,0.10660603799776698,1.0,0.13791025403300572,0.10110846373585719,1.0,0.13791025403300572,0.10026453679989991,1.0,0.13791025403300572
2024-05-24,0.13500370507595405,1.0,-1.0,-1.0,-1.0,-1.0,-1.0,-1.0,-1.0,-1.0,-1.0,-1.0,0.4836547721298111,-0.2946711680084091,0.4834198596080658,0.32325152667358054,0.4459838189413528,0.32418188881375315,0.35948299414194423,0.04214439034606285,0.15998239230764622,0.6171532905239243,0.5805662530284059,0.896679503634086,0.7781370346569557,0.6735407385006653,-1.0,-1.0,-1.0,-1.0,-1.0,-1.0,0,0,0,0,0,0,0,0,0,0,0.11102992198115491,1.0,0.13500370507595405,0.11143771388977286,1.0,0.13500370507595405,0.10769058963313352,1.0,0.13500370507595405,0.10727325552226422,1.0,0.13500370507595405
2024-05-28,0.127091067418305,1.0,-1.0,-1.0,-1.0,-1.0,-1.0,-1.0,-1.0,-1.0,-1.0,-1.0,0.5222404414252532,-0.2000275723212484,0.5003290435799929,0.1648807466297947,0.4439744064301214,0.18248077662239964,0.38088654157616264,-0.3418669179624123,0.1580106975901829,0.601745332132324,0.6384146467195445,0.9660975760634523,0.8432164775594869,0.7347919788795175,-1.0,-1.0,-1.0,-1.0,-1.0,-1.0,0,0,0,0,0,0,0,0,0,0,0.1250270915681229,1.0,0.127091067418305,0.12210046603478458,1.0,0.127091067418305,0.11444918003167733,1.0,0.127091067418305,0.11446987555085814,1.0,0.127091067418305
2024-05-29,0.1433660251665434,1.0,-1.0,-1.0,-1.0,-1.0,-1.0,-1.0,-1.0,-1.0,-1.0,-1.0,0.489250670206392,-0.0973687669722133,0.42583723310908994,-0.04580020739716993,0.3414943683570314,0.012003691546234128,0.40017690379120663,-0.7138369718862875,0.23582385888169158,0.5845596387244312,1.0,1.0,1.0,1.0,-1.0,-1.0,-1.0,-1.0,-1.0,-1.0,0,0,0,0,0,0,0,0,0,0,0.1513191367989664,1.0,0.1433660251665434,0.13513757940554988,1.0,0.1433660251665434,0.12258027210674582,1.0,0.1433660251665434,0.1231279501834601,1.0,0.1433660251665434
2024-05-30,0.1480352772775546,1.0,-1.0,-1.0,-1.0,-1.0,-1.0,-1.0,-1.0,-1.0,-1.0,-1.0,0.5128054969938199,-0.011830449460879711,0.3214572974553957,-0.14339209586358118,0.1411876685527003,-0.06869235812931725,0.427829441802117,-0.7860844981938132,0.26416123877452163,0.5719966093091379,0.8654395761667885,1.0,1.0,0.9751713159413058,-1.0,-1.0,-1.0,-1.0,-1.0,-1.0,0,0,0,0,0,0,0,0,0,0,0.13299379651493592,1.0,0.1480352772775546,0.14225600694376533,1.0,0.1480352772775546,0.12642915895105722,1.0,0.1480352772775546,0.12722628645155692,1.0,0.1480352772775546
2024-05-31,0.16706920575940543,1.0,-1.0,-1.0,-1.0,-1.0,-1.0,-1.0,-1.0,-1.0,-1.0,-1.0,0.4275005856172382,0.057036231953776446,0.21515794091839566,-0.16557207051504153,0.02601660409285385,-0.07477642096782368,0.4085390795870794,-0.684257368724157,0.32528377501587147,0.5425354206098947,-1.0,-1.0,-1.0,-1.0,1.0,0.13186088406211985,0.1641997664638946,0.198440936065774,0.23475732806776736,0.27334349456988527,0,0,0,0,0,0,0,0,0,0,0.16063897298911056,1.0,0.16706920575940543,0.1493508385705816,1.0,0.16706920575940543,0.12671934501980833,1.0,0.16706920575940543,0.12753527971069023,1.0,0.16706920575940543
2024-06-03,0.15652334039222904,1.0,-1.0,-1.0,-1.0,-1.0,-1.0,-1.0,-1.0,-1.0,-1.0,-1.0,0.30556206241376227,0.12997463987662577,0.05849663644339802,-0.16015670008065674,-0.1467928718735065,-0.0505223866791917,0.38061484633368825,-0.44762054342703894,0.4119466358532096,0.5121673935197535,-0.7010762591030706,-0.6412915109236847,-0.6637107914909544,-0.6834925096385449,1.0,-0.4910592443529784,-0.4765180799059207,-0.4611215528443301,-0.4447919029305219,-0.42744164989710054,0,0,0,0,0,0,0,0,0,0,0.14920292826642684,1.0,0.15652334039222904,0.14093551808349528,1.0,0.15652334039222904,0.12556252217816585,1.0,0.15652334039222904,0.12630348225874036,1.0,0.15652334039222904
2024-06-04,0.1795884238398291,1.0,-1.0,-1.0,-1.0,-1.0,-1.0,-1.0,-1.0,-1.0,-1.0,-1.0,0.2784284636006336,0.11727854777226439,-0.11196621819245593,-0.22784883051043067,-0.42060176616783995,-0.10679996793534698,0.3739130303528852,-0.35731113554264304,0.43024212869664047,0.4862312625899846,-0.4203541652014956,-0.304424998241795,-0.34789843585168284,-0.3862573513898188,1.0,-0.5908877295169574,-0.5791988075031562,-0.5668223018414843,-0.5536957049275899,-0.5397486957065769,0,0,0,0,0,0,0,0,0,0,0.1539339917792027,1.0,0.1795884238398291,0.14654985221110317,1.0,0.1795884238398291,0.1282467433141121,1.0,0.1795884238398291,0.12916166990572187,1.0,0.1795884238398291
2024-06-05,0.15173078688825647,1.0,-1.0,-1.0,-1.0,-1.0,-1.0,-1.0,-1.0,-1.0,-1.0,-1.0,0.2009317820983322,0.18717117602361727,-0.26213805206201096,-0.21039290240811154,-0.6182645021416168,-0.09713946275258346,0.3159513786269477,-0.10261242866864727,0.4038764435212737,0.46061860754965095,-0.5608011051107612,-0.4729613261329142,-0.5059012432496068,-0.5349658759996299,1.0,-0.5816473600602197,-0.5696944274905117,-0.5570383812402325,-0.543615301883876,-0.5293532800677471,0,0,0,0,0,0,0,0,0,0,0.15321047992783582,1.0,0.15173078688825647,0.14559067198105932,1.0,0.15173078688825647,0.12778597489413568,1.0,0.15173078688825647,0.1286710387172332,1.0,0.15173078688825647
2024-06-06,0.1520758328396299,1.0,-0.18282812057085748,-0.5914140602854304,-0.5542698839477421,-0.5096968723425159,-0.4552187470472401,-0.3871210904281442,-0.2995669604893077,-0.019393744685026488,0.22575781914371887,-0.41939374468502905,0.04873636813200876,0.21887934544591325,-0.32803816905528416,-0.17818873142067554,-0.6089577494579911,-0.06153947344080601,0.24283517004349026,0.06491806711690218,0.43455234505575846,0.4288986171267489,-0.14359724445434488,0.027683306654785547,-0.03654690001113833,-0.09322061177518885,1.0,-0.6736271032795534,-0.664302163373255,-0.6544286975901153,-0.6439568399413309,-0.6328304911894976,0,0,0,0,0,0,0,0,0,0,0.1350766183296488,1.0,0.1520758328396299,0.1260790572947636,1.0,0.1520758328396299,0.12608799424860676,1.0,0.1520758328396299,0.12686301059284633,1.0,0.1520758328396299
2024-06-07,0.1971644612476371,1.0,-1.0,-1.0,-1.0,-1.0,-1.0,-1.0,-1.0,-1.0,-1.0,-1.0,-0.06623981676689607,0.25869890704600174,-0.3544530564492578,-0.23263048738334713,-0.5613664005076252,-0.13130065342013097,0.12944768885460012,-0.02094131197320577,0.3399568519830561,0.3769765897457582,-1.0,-1.0,-1.0,-1.0,1.0,0.5505322124724384,0.5948331328287934,0.6417399896766992,0.691489686333569,0.7443487390314932,0,0,0,0,0,0,0,0,0,0,0.152529043404471,1.0,0.1971644612476371,0.15191364093298834,1.0,0.1971644612476371,0.1294153304558389,1.0,0.1971644612476371,0.1304059941114202,1.0,0.1971644612476371
2024-06-10,0.1863351128594175,1.0,-1.0,-1.0,-1.0,-1.0,-1.0,-1.0,-1.0,-1.0,-1.0,-1.0,-0.22871606673435088,0.31922977041232603,-0.3507056156771077,-0.28764834658371513,-0.42282269578552434,-0.20932464847066304,-0.028558188819139005,-0.15130097900633505,0.21078792130646634,0.31770861844829873,0.720202348232574,1.0,0.9352276417616444,0.8213907216580194,-1.0,-1.0,-1.0,-1.0,-1.0,-1.0,0,0,0,0,0,0,0,0,0,0,0.14972339434198118,1.0,0.1863351128594175,0.14255696509937688,1.0,0.1863351128594175,0.13313677071590152,1.0,0.1863351128594175,0.13436862388057338,1.0,0.1863351128594175
2024-06-11,0.19584403455521815,1.0,-1.0,-1.0,-1.0,-1.0,-1.0,-1.0,-1.0,-1.0,-1.0,-1.0,-0.4584732307852414,0.3315731932915951,-0.4052720093594639,-0.3013019933172046,-0.3308127544815244,-0.22802903084578952,-0.17617927055864926,-0.1041830270666444,0.1816710341997297,0.2597815514788393,0.7792221792657488,1.0,1.0,0.8838823074578516,-1.0,-1.0,-1.0,-1.0,-1.0,-1.0,0,0,0,0,0,0,0,0,0,0,0.15431051872823703,1.0,0.19584403455521815,0.1398016988325907,1.0,0.19584403455521815,0.1340288968056425,1.0,0.19584403455521815,0.13531856937317854,1.0,0.19584403455521815
2024-06-12,0.19923621460506702,1.0,-1.0,-1.0,-1.0,-1.0,-1.0,-1.0,-1.0,-1.0,-1.0,-1.0,-0.6402097811092788,0.29569711484513317,-0.40079336063176774,-0.3533241156815303,-0.1753476812437333,-0.2938437916866206,-0.32434374278308903,-0.2287838333071473,0.09505402672792848,0.20745310567266328,-0.693866715178971,-0.6326400582147653,-0.6556000545763425,-0.6758588748953811,1.0,-0.393456600682182,-0.3761267892731016,-0.3577775771928985,-0.3383162916532894,-0.31763867576745447,0,0,0,0,0,0,0,0,0,0,0.140581253195444,1.0,0.19923621460506702,0.14569728823183095,1.0,0.19923621460506702,0.13716800421152242,1.0,0.19923621460506702,0.13866112483177392,1.0,0.19923621460506702
2024-06-13,0.1903554491242898,1.0,-1.0,-1.0,-1.0,-1.0,-1.0,-1.0,-1.0,-1.0,-1.0,-1.0,-0.6714427006064336,0.2971077917456117,-0.3942124890318793,-0.4565618158774043,-0.13854370472211888,-0.4241167317894349,-0.4265917190308963,-0.47275011779487397,-0.07533707955330833,0.1667283206182426,-1.0,-1.0,-1.0,-1.0,1.0,-0.2296603189179271,-0.20765061374415356,-0.18434622003074627,-0.15962943881955674,-0.13336785878266785,0,0,0,0,0,0,0,0,0,0,0.15718682390608074,1.0,0.1903554491242898,0.1570229709311828,1.0,0.1903554491242898,0.14338151537281785,1.0,0.1903554491242898,0.14527733860334752,1.0,0.1903554491242898
2024-06-14,0.17030547443563715,1.0,-1.0,-1.0,-1.0,-1.0,-1.0,-1.0,-1.0,-1.0,-1.0,-1.0,-0.5872439551286904,0.2319601676140701,-0.34704957589937746,-0.3366171217882202,-0.12511236846279497,-0.3342123707907418,-0.4153918373692636,-0.26778702685723077,-0.151545373051532,0.15273315008562513,0.9751705096063557,1.0,1.0,1.0,-1.0,-1.0,-1.0,-1.0,-1.0,-1.0,0,0,0,0,0,0,0,0,0,0,0.14230816279956943,1.0,0.17030547443563715,0.14660810141909147,1.0,0.17030547443563715,0.13909342799201846,1.0,0.17030547443563715,0.14071133686196802,1.0,0.17030547443563715
2024-06-17,0.17809048972554864,1.0,-1.0,-1.0,-1.0,-1.0,-1.0,-1.0,-1.0,-1.0,-1.0,-1.0,-0.4446786913406528,0.1266403126573067,-0.3120429950277793,-0.2598225602027855,-0.18021257469198104,-0.2953648073962472,-0.39803353021175086,-0.1434479870163866,-0.28383233258364393,0.13549492640508917,0.1694300652293498,0.40331607827521876,0.31560882338301777,0.23822006906637036,1.0,-0.8059491518313665,-0.8004048418836913,-0.794534396056741,-0.788308165634218,-0.7816927958102873,0,0,0,0,0,0,0,0,0,0,0.14753592157660536,1.0,0.17809048972554864,0.1477403532508495,1.0,0.17809048972554864,0.1372405507287102,1.0,0.17809048972554864,0.13873837314655724,1.0,0.17809048972554864
2024-06-18,0.17603378660602398,1.0,-1.0,-1.0,-1.0,-1.0,-1.0,-1.0,-1.0,-1.0,-1.0,-1.0,-0.33803128497435364,0.10711526192102372,-0.2253034513015477,-0.17703652494526964,-0.11633440854529287,-0.26498560173642655,-0.43193505879937893,-0.07957698549814175,-0.4777462153778558,0.11348750691878984,0.02857376285488018,0.23428851542585577,0.15714548321173955,0.08907810184634399,1.0,-0.6838902533280173,-0.6748585462802462,-0.6652955623473126,-0.6551530036305643,-0.6443765349940191,0,0,0,0,0,0,0,0,0,0,0.15244443560057286,1.0,0.17603378660602398,0.14778214816068022,1.0,0.17603378660602398,0.13579158110163636,1.0,0.17603378660602398,0.13719549464318315,1.0,0.17603378660602398
2024-06-20,0.12623762376237613,1.0,-1.0,-1.0,-1.0,-1.0,-1.0,-1.0,-1.0,-1.0,-1.0,-1.0,-0.1674865308034558,0.045141660815558766,-0.16360778005264354,-0.06279525290932014,-0.14785045740574448,-0.19456668523401874,-0.40238065409119295,0.09161823988272688,-0.6181950739729384,0.10782529647809583,-0.9671090916140702,-0.9605309099368844,-0.9629977280658291,-0.9651743322972508,1.0,-0.1710266132983718,-0.1473416593926111,-0.12226347290415805,-0.09566539632549631,-0.0674049399606676,0,0,0,0,0,0,0,0,0,0,0.16342178642951655,1.0,0.12623762376237613,0.14988827246333364,1.0,0.12623762376237613,0.1324328734275122,1.0,0.12623762376237613,0.13361910644794614,1.0,0.12623762376237613
2024-06-21,0.1623521743179066,1.0,-1.0,-1.0,-1.0,-1.0,-1.0,-1.0,-1.0,-1.0,-1.0,-1.0,-0.11003097264515843,-0.09162987685432643,-0.19989397484644206,0.009620924069595036,-0.25752207709798414,-0.13224614967205683,-0.3740639721542534,0.3080990524056303,-0.6283286677533985,0.08846374388229612,-1.0,-1.0,-1.0,-1.0,1.0,0.3205702430980671,0.35830082147229747,0.3982508456332473,0.4406220833797092,0.48564152348532574,0,0,0,0,0,0,0,0,0,0,0.16302855831815255,1.0,0.1623521743179066,0.1519130731290609,1.0,0.1623521743179066,0.12946042693949594,1.0,0.1623521743179066,0.13045401333412315,1.0,0.1623521743179066
2024-06-24,0.1499327551824885,1.0,-1.0,-1.0,-1.0,-1.0,-1.0,-1.0,-1.0,-1.0,-1.0,-1.0,-0.09968506806172807,-0.15511033737621535,-0.1254021643755496,0.007835004032727355,-0.13664005076411398,-0.11621382192194384,-0.329234257147467,0.19737186534737583,-0.5496901458824853,0.07776415677024036,1.0,1.0,1.0,1.0,-1.0,-1.0,-1.0,-1.0,-1.0,-1.0,0,0,0,0,0,0,0,0,0,0,0.1555190207265365,1.0,0.1499327551824885,0.1407688414797445,1.0,0.1499327551824885,0.12869574743400344,1.0,0.1499327551824885,0.12963977434046134,1.0,0.1499327551824885
2024-06-25,0.12854213273676351,1.0,-1.0,-1.0,-1.0,-1.0,-1.0,-1.0,-1.0,-1.0,-1.0,-1.0,-0.142370058041174,-0.26363627619771757,-0.09432582626499326,0.014517801590042264,-0.04801438316324489,-0.07983277048901048,-0.28697055276397254,0.16805402858488924,-0.4139641839361969,0.05568208900176634,0.6556448278878035,0.9867737934653623,0.8626004313737776,0.7530357001164977,-1.0,-0.9968654287493975,-0.9967758695708091,-0.9966810422052444,-0.9965804677266158,-0.9964736073430726,0,0,0,0,0,0,0,0,0,0,0.13479308517135433,1.0,0.12854213273676351,0.13667709314754858,1.0,0.12854213273676351,0.12696051317154045,1.0,0.12854213273676351,0.12779207816253726,1.0,0.12854213273676351
2024-06-26,0.12922193997553855,1.0,-1.0,-1.0,-1.0,-1.0,-1.0,-1.0,-1.0,-1.0,-1.0,-1.0,-0.10287342859374586,-0.4350976412841119,-0.07174978063762076,-0.019760341053121088,-0.0409285600973037,-0.08998657806407515,-0.219076930507898,0.057850374325952296,-0.32285354664316895,0.03459533166231762,0.8059106897438802,1.0,1.0,0.9121407303170498,-1.0,-1.0,-1.0,-1.0,-1.0,-1.0,0,0,0,0,0,0,0,0,0,0,0.1478194313187038,1.0,0.12922193997553855,0.1396673259383775,1.0,0.12922193997553855,0.12744481019168535,1.0,0.12922193997553855,0.12830776285852272,1.0,0.12922193997553855
2024-06-27,0.1053072235917949,1.0,-1.0,-1.0,-1.0,-1.0,-1.0,-1.0,-1.0,-1.0,-1.0,-1.0,-0.1536919913589005,-0.5631486308418834,-0.05612021058789415,-0.08606982371241448,0.02749722383797979,-0.11715931817387847,-0.17811132561618054,-0.11517721585257966,-0.1802037265030034,0.011233184092063959,0.7015042867795452,1.0,0.9141923226269877,0.8015927742371654,-1.0,-0.9815984956114037,-0.9810727383431583,-0.9805160541767807,-0.979925631576077,-0.9792983075628294,0,0,0,0,0,0,0,0,0,0,0.14136416585257253,1.0,0.1053072235917949,0.1414374578965663,1.0,0.1053072235917949,0.12874084391766094,1.0,0.1053072235917949,0.12968779356316473,1.0,0.1053072235917949
2024-06-28,0.10232082228733552,1.0,-1.0,-1.0,-1.0,-1.0,-1.0,-1.0,-1.0,-1.0,-1.0,-1.0,-0.23828114833033767,-0.5669959314795645,-0.0045700497221420125,-0.07178246341744357,0.1857120194595698,-0.09146648524101073,-0.1986394106024581,-0.15653630699962906,-0.12242848594480837,-0.018490655970398857,0.7352750626989499,1.0,0.952184445536318,0.8373500663871236,-1.0,-0.925612994529325,-0.9234876515158771,-0.9212372883251676,-0.9188505394865363,-0.9163146188454906,0,0,0,0,0,0,0,0,0,0,0.1401537843216168,1.0,0.10232082228733552,0.13693676837519608,1.0,0.10232082228733552,0.12751539599219247,1.0,0.10232082228733552,0.1283829233810147,1.0,0.10232082228733552
2024-07-01,0.09750892981398152,1.0,-1.0,-1.0,-1.0,-1.0,-1.0,-1.0,-1.0,-1.0,-1.0,-1.0,-0.14022279482572914,-0.49838573677409626,-0.009962708394260339,-0.07472058992971387,0.09666331764581274,-0.09208311323139665,-0.13735703924636827,-0.1554892414009792,-0.11348707966793105,-0.014230174383915451,0.11954962819378871,0.3434595538325457,0.2594933317180114,0.1854054886757763,1.0,-0.622113534343593,-0.6113167781819814,-0.5998849187167455,-0.5877602192839195,-0.574877726136542,0,0,0,0,0,0,0,0,0,0,0.1332728540696216,1.0,0.09750892981398152,0.13979454238192862,1.0,0.09750892981398152,0.12754480674240357,1.0,0.09750892981398152,0.12841424026538614,1.0,0.09750892981398152
2024-07-02,0.11843570235665246,1.0,-1.0,-1.0,-1.0,-1.0,-1.0,-1.0,-1.0,-1.0,-1.0,-1.0,-0.05524322636057573,-0.37546448139990407,0.022576045627377698,-0.04211314667588088,0.08407804981227378,-0.07004893970816804,-0.10360645246012128,-0.12800376943614847,-0.1449424884162963,-0.017683348622406978,0.21872326230199585,0.4624679147623941,0.3710636700897444,0.29041286596681903,1.0,-0.64605323028705,-0.6359404654381086,-0.6252328320686411,-0.6138762512222363,-0.6018098840729311,0,0,0,0,0,0,0,0,0,0,0.13315863331891997,1.0,0.11843570235665246,0.13759492169526844,1.0,0.11843570235665246,0.12649386260152173,1.0,0.11843570235665246,0.1272951835971742,1.0,0.11843570235665246
2024-07-03,0.11587687508601308,1.0,-1.0,-1.0,-1.0,-1.0,-1.0,-1.0,-1.0,-1.0,-1.0,-1.0,-0.008393847114849171,-0.2739919270808355,0.04378107633811435,0.06688558589699306,0.08280894717360084,0.04197181187913279,-0.043833499117739406,0.08926234228573864,-0.07891364206404361,-0.017451109522300855,0.225661048678833,0.4707932584145987,0.3788686797636863,0.2977587574246467,0.9381011237810468,-0.6631912380901328,-0.6535681306069941,-0.643378957977788,-0.6325722597346907,-0.6210901428513994,0,0,0,0,0,0,0,0,0,0,0.12164862950518554,1.0,0.11587687508601308,0.12757402969335455,1.0,0.11587687508601308,0.1211509096464793,1.0,0.11587687508601308,0.12160594960300021,1.0,0.11587687508601308
2024-07-05,0.1072285339247725,1.0,1.0,0.04119909900584391,0.13585356255183056,0.24943891880701408,0.38826546534112655,0.5617986485087691,0.7849127411528803,1.0,1.0,1.0,0.0925275240103155,-0.12933342310368345,0.06599151798771902,0.1858509044820871,0.03934218179895126,0.14445538388175488,0.006701815980809509,0.3277315323805051,-0.09509988009346543,-0.009953104290285971,-0.17662602314554682,-0.011951227774656887,-0.07370427603874039,-0.12819225980116705,1.0,-0.41902095950018436,-0.40242155834304677,-0.38484572182372456,-0.36620468309111015,-0.3463985794377073,0,0,0,0,0,0,0,0,0,0,0.10722853392477315,1.0,0.1072285339247725,0.1048359865456618,1.0,0.1072285339247725,0.11626284296137068,1.0,0.1072285339247725,0.11640108342044021,1.0,0.1072285339247725
2024-07-08,0.13048260690224112,1.0,-1.0,-1.0,-1.0,-1.0,-1.0,-1.0,-1.0,-1.0,-1.0,-1.0,0.25259623643320717,-0.06739188283685334,0.13966071950863518,0.2662749164650323,0.03712125218127587,0.2031583685667716,0.0708218932026399,0.4049526202816512,-0.1532419475758518,-0.003475292248024577,-1.0,-1.0,-1.0,-1.0,1.0,0.8405687865214884,0.8931564661363881,0.9488375386698108,1.0,1.0,0,0,0,0,0,0,0,0,0,0,0.13048260690224042,1.0,0.13048260690224112,0.12798557564678514,1.0,0.13048260690224112,0.11346293954126029,1.0,0.13048260690224112,0.1134197160282638,1.0,0.13048260690224112
2024-07-09,0.14311859443631048,1.0,-1.0,-1.0,-1.0,-1.0,-1.0,-1.0,-1.0,-1.0,-1.0,-1.0,0.19039067176804927,-0.05020727332185486,0.12960661011991859,0.29508007835004224,0.07022367934006189,0.2512142432844079,0.08401420664234728,0.48479137217946655,-0.053465024199116154,-0.005344264053644209,-0.6154996490189024,-0.5385995788226833,-0.5674371051462654,-0.5928819813141321,1.0,0.03758397578686931,0.06722923223792261,0.09861832730374423,0.13190979176749396,0.16728197276022808,0,0,0,0,0,0,0,0,0,0,0.11433155028786521,1.0,0.14311859443631048,0.11619176332306073,1.0,0.14311859443631048,0.11117086174146404,1.0,0.14311859443631048,0.11097908683957035,1.0,0.14311859443631048
2024-07-10,0.10539752005835146,1.0,-1.0,-1.0,-1.0,-1.0,-1.0,-1.0,-1.0,-1.0,-1.0,-1.0,0.20041123344004017,-0.06418579897214184,0.16415618601930307,0.3491185620463168,0.12204537041933462,0.320523229404114,0.1363306349970721,0.5580859640856421,0.04071778858391001,0.0017279694948425064,0.011819230846397919,0.2141830770156768,0.13829663470219705,0.07133800913148017,1.0,-0.5517493264231423,-0.5389421643209469,-0.5253816397421509,-0.5109992651888827,-0.4957179922260355,0,0,0,0,0,0,0,0,0,0,0.09934159657619225,1.0,0.10539752005835146,0.10547546007670683,1.0,0.10539752005835146,0.10786509341772017,1.0,0.10539752005835146,0.10745906903620232,1.0,0.10539752005835146
2024-07-11,0.08824188129899202,1.0,-0.22213950538955843,-0.6110697526947809,-0.5757124574852155,-0.5332837032337369,-0.48142633692637415,-0.4166046290421705,-0.3332624331910514,-0.06656740646746838,0.16679074191566656,-0.46656740646747097,0.22526743187320372,0.008207574693751626,0.27603100321732355,0.4179052886277247,0.29601819047115946,0.39583406129693277,0.18149242196686344,0.5541594680906642,0.10298665896329263,0.01904360620874661,-1.0,-1.0,-1.0,-1.0,1.0,0.3906239471321238,0.43035605990732756,0.472425355786955,0.5170443059623172,0.5644519405236403,0,0,0,0,0,0,0,0,0,0,0.09108992398988099,1.0,0.08824188129899202,0.09200218584352503,1.0,0.08824188129899202,0.10427306045858713,1.0,0.08824188129899202,0.10363423355828431,1.0,0.08824188129899202
2024-07-12,0.09134507641970324,1.0,-1.0,-1.0,-1.0,-1.0,-1.0,-1.0,-1.0,-1.0,-1.0,-1.0,0.1903256031857503,-0.0014427377391133364,0.3477807838549287,0.41980642931213297,0.4489450584316047,0.4188959481374722,0.20829968589010148,0.4557353018166536,0.19831580588435158,0.02806775409860479,-0.26559031124205984,-0.11870837349047242,-0.17378910014731788,-0.22238974131512243,1.0,-0.6031594402110627,-0.5918211385028074,-0.5798158778705368,-0.5670830256847957,-0.5535543702374455,0,0,0,0,0,0,0,0,0,0,0.08417731005094736,1.0,0.09134507641970324,0.0931035720704377,1.0,0.09134507641970324,0.10317309840068675,1.0,0.09134507641970324,0.10246298208278658,1.0,0.09134507641970324
2024-07-15,0.09721663762677024,1.0,-1.0,-1.0,-1.0,-1.0,-1.0,-1.0,-1.0,-1.0,-1.0,-1.0,0.21388042997318935,-0.033182968000071464,0.4097506580871704,0.4872105081230603,0.5373592089260388,0.5167342559458353,0.30505338056804504,0.5201298361342234,0.36659765735154026,0.053898824483087075,-1.0,-1.0,-1.0,-1.0,1.0,0.14999993218458763,0.1828570731041465,0.2176469870189746,0.25454538056500436,0.29374992370766106,0,0,0,0,0,0,0,0,0,0,0.07911457433622596,1.0,0.09721663762677024,0.09075221012726455,1.0,0.09721663762677024,0.09850659270050266,1.0,0.09721663762677024,0.09749403642915913,1.0,0.09721663762677024
2024-07-16,0.06636295939375358,1.0,-0.06082999322805084,-0.5304149966140275,-0.4877254508516659,-0.4364979959368324,-0.3738866621520361,-0.29562249492103954,-0.1949971370526159,0.1270040081263409,0.4087550101579294,-0.2729959918736615,0.29820931261550826,0.07963912320017698,0.5274751389295177,0.6390713215808372,0.6731531912643408,0.6481171264313542,0.3449925812104663,0.6965603895084084,0.3484397246046812,0.08899181135992064,-1.0,-1.0,-1.0,-1.0,1.0,0.3052886534023367,0.3425826149281171,0.38207033889659137,0.4239512582570944,0.468449735077629,0,0,0,0,0,0,0,0,0,0,0.07494472752042358,1.0,0.06636295939375358,0.06637926281002654,1.0,0.06636295939375358,0.09224014218882676,1.0,0.06636295939375358,0.0908214522657164,1.0,0.06636295939375358
2024-07-17,0.07349381683756562,1.0,-1.0,-1.0,-1.0,-1.0,-1.0,-1.0,-1.0,-1.0,-1.0,-1.0,0.3816272351057967,0.18252235441975145,0.62545700497221,0.7477243922110861,0.7754217122309688,0.7536016213205327,0.41225224790078013,0.8030993141720335,0.38668143145037787,0.12800521542664817,-1.0,-1.0,-1.0,-1.0,1.0,0.14351615952940971,0.17618804980167832,0.21078181597231563,0.247472174032083,0.2864556794705858,-1,-1,-1,-1,0,0,0,0,0,0,0.073493816837566,1.0,0.07349381683756562,0.0717320994194902,1.0,0.07349381683756562,0.08720894318602354,1.0,0.07349381683756562,0.08546417724588141,1.0,0.07349381683756562
2024-07-18,0.08366551510319775,1.0,-1.0,-1.0,-1.0,-1.0,-1.0,-1.0,-1.0,-1.0,-1.0,-1.0,0.523932224564705,0.23776317940924024,0.6736253290435851,0.7466297960594587,0.7433768706044027,0.7577946916551728,0.5061682367129703,0.731637087063499,0.4097456743081137,0.17138416162514397,-1.0,-1.0,-1.0,-1.0,1.0,-0.15731947010926192,-0.1332428835409547,-0.1077500271745127,-0.08071214921010354,-0.05198440387291886,0,0,0,0,0,0,0,0,0,0,0.06233828178286874,1.0,0.08366551510319775,0.06871234917936189,1.0,0.08366551510319775,0.08700895008458728,1.0,0.08366551510319775,0.08525122243215472,1.0,0.08366551510319775
2024-07-19,0.0952960808190142,1.0,-1.0,-1.0,-1.0,-1.0,-1.0,-1.0,-1.0,-1.0,-1.0,-1.0,0.6296686707789848,0.3099321272045807,0.655619333138339,0.6942620117525079,0.6261963936333339,0.7006127226797856,0.544416889180034,0.6384482487827898,0.363021094840818,0.19410488691891106,0.6204611114500697,0.9445533337400819,0.8230187503813273,0.7157823533000734,-1.0,-1.0,-1.0,-1.0,-1.0,-1.0,0,0,0,0,0,0,0,0,0,0,0.0599972863460692,1.0,0.0952960808190142,0.06916716298683567,1.0,0.0952960808190142,0.08973630698750976,1.0,0.0952960808190142,0.08815534150954767,1.0,0.0952960808190142
2024-07-22,0.09535617673579799,1.0,-1.0,-1.0,-1.0,-1.0,-1.0,-1.0,-1.0,-1.0,-1.0,-1.0,0.6693605059732988,0.44179835656139854,0.6574473530272041,0.6070399815646973,0.5971127914970107,0.6225887276292507,0.5669374059443927,0.43767342023976846,0.3620123207993179,0.21525246878457693,0.2386871077331767,0.4864245292798113,0.39352299619982334,0.31155105524689286,0.7036320608028523,-1.0,-1.0,-1.0,-1.0,-1.0,0,0,0,0,0,0,0,0,0,0,0.071574122523152,1.0,0.09535617673579799,0.07424295342649447,1.0,0.09535617673579799,0.09345774724757253,1.0,0.09535617673579799,0.09211797127870099,1.0,0.09535617673579799
2024-07-23,0.10234522418905567,1.0,-1.0,-1.0,-1.0,-1.0,-1.0,-1.0,-1.0,-1.0,-1.0,-1.0,0.7161448166367375,0.3975543992279836,0.6674100614214696,0.43541882705381246,0.5763841150653015,0.477064521897488,0.6107105283415822,0.03350609915711584,0.39571454445826393,0.24007993448645676,1.0,1.0,1.0,1.0,-1.0,-1.0,-1.0,-1.0,-1.0,-1.0,0,0,0,0,0,0,0,0,0,0,0.09714844765493394,1.0,0.10234522418905567,0.08850964338916695,1.0,0.10234522418905567,0.10039868429742596,1.0,0.10234522418905567,0.09950875599039875,1.0,0.10234522418905567
2024-07-24,0.12078449053201079,1.0,-1.0,-1.0,-1.0,-1.0,-1.0,-1.0,-1.0,-1.0,-1.0,-1.0,0.7372270372973033,0.40345359353911286,0.64583942673296,0.268579329415831,0.5218127016022389,0.3358978206311384,0.6397819192853758,-0.31464321239725523,0.4298294484069382,0.26016032239210624,-1.0,-1.0,-1.0,-1.0,1.0,0.11524386221658048,0.1471079725656259,0.18084644234696776,0.21662966787263338,0.2546493449936535,0,0,0,0,0,0,0,0,0,0,0.11490282249370724,1.0,0.12078449053201079,0.1083698298159636,1.0,0.12078449053201079,0.10713178537912,1.0,0.12078449053201079,0.10667823471920393,1.0,0.12078449053201079
2024-07-25,0.14945266339944108,1.0,-1.0,-1.0,-1.0,-1.0,-1.0,-1.0,-1.0,-1.0,-1.0,-1.0,0.6338330600453098,0.3914628398849634,0.5033452763966124,0.06377462841341351,0.35852149542593015,0.17101149600116647,0.6190123274169245,-0.5758860792628685,0.509201624126195,0.2636494383960933,-0.187152855579266,-0.024583426695119814,-0.08554696252667461,-0.1393383176721642,1.0,-0.8298296788853895,-0.8249676697106864,-0.8198196599962947,-0.8143596496931524,-0.8085583887460631,0,0,0,0,0,0,0,0,0,0,0.11939738560924999,1.0,0.14945266339944108,0.11419037425942932,1.0,0.14945266339944108,0.1149962199856065,1.0,0.14945266339944108,0.11505236960016997,1.0,0.14945266339944108
2024-07-26,0.12079046367221147,1.0,-1.0,-1.0,-1.0,-1.0,-1.0,-1.0,-1.0,-1.0,-1.0,-1.0,0.5159287889435388,0.34423722455732164,0.40646022228721845,0.005933863348315812,0.2861826450214194,0.13824799544517538,0.5921144984128359,-0.5685566200722375,0.5932049897632241,0.2629776038564949,0.4991202657895962,0.7989443189475145,0.6865102990132951,0.587303810836043,-1.0,-1.0,-1.0,-1.0,-1.0,-1.0,0,0,0,0,0,0,0,0,0,0,0.11275091402956305,1.0,0.12079046367221147,0.11556475716651574,1.0,0.12079046367221147,0.1165589111801638,1.0,0.12079046367221147,0.11671634005644758,1.0,0.12079046367221147
2024-07-29,0.10879629629629628,1.0,-1.0,-1.0,-1.0,-1.0,-1.0,-1.0,-1.0,-1.0,-1.0,-1.0,0.46771296946981095,0.33298387019207365,0.29376279613921646,-0.058762530245419144,0.12976574480460776,0.08505355414097018,0.5740920473293133,-0.5541594680906642,0.6133346172275855,0.27061661139929016,-1.0,-1.0,-1.0,-1.0,1.0,-0.25327611937827244,-0.23194115136050875,-0.20935118522405327,-0.1853921302308427,-0.15993563430055646,0,0,0,0,0,0,0,0,0,0,0.1307277540130896,1.0,0.10879629629629628,0.12603247616369245,1.0,0.10879629629629628,0.11909607856505354,1.0,0.10879629629629628,0.1194179432815708,1.0,0.10879629629629628
2024-07-30,0.10048534963149369,1.0,-1.0,-1.0,-1.0,-1.0,-1.0,-1.0,-1.0,-1.0,-1.0,-1.0,0.4351136097446771,0.35667682995252253,0.1247623574144546,-0.10018435303605977,-0.13706308497699293,0.05549651913499353,0.5714656599854715,-0.4062614522799821,0.6463031870381488,0.2841362447269297,-1.0,-1.0,-1.0,-1.0,1.0,-0.18980981657910853,-0.166661525624226,-0.1421515704955269,-0.11615616354084574,-0.088536043651497,0,0,0,0,0,0,0,0,0,0,0.13528606092324574,1.0,0.10048534963149369,0.13055466271019778,1.0,0.10048534963149369,0.12050583385851274,1.0,0.10048534963149369,0.12091906593911649,1.0,0.10048534963149369
2024-07-31,0.07676009710880605,1.0,-0.7370223596568579,-0.8685111798284295,-0.8565576507219226,-0.8422134157941148,-0.8246815731045719,-0.8027667697426439,-0.7745905939915935,-0.6844268315882279,-0.6055335394852842,-1.0,0.40771973660236355,0.395919296456952,0.01188212927756092,-0.05403848369628444,-0.3107186293691473,0.10384015358147874,0.5714052832649344,-0.1397832574210823,0.6783546895383511,0.30740439075666254,-1.0,-1.0,-1.0,-1.0,1.0,0.06436477973254855,0.09477520201062135,0.12697447265799255,0.16112521425368928,0.19741037719911741,0,0,0,0,0,0,0,0,0,0,0.09301711188531364,1.0,0.07676009710880605,0.12184501637739907,1.0,0.07676009710880605,0.1182000310419512,1.0,0.07676009710880605,0.11846382220438292,1.0,0.07676009710880605
2024-08-01,0.05975107410196201,1.0,-1.0,-1.0,-1.0,-1.0,-1.0,-1.0,-1.0,-1.0,-1.0,-1.0,0.32143879649151896,0.48453545447841684,-0.05941064638782018,0.0725890079502277,-0.3643382158531984,0.20254174057637983,0.4899872756061412,0.24998691168000436,0.6148019249242597,0.3086982943143997,-0.9309288370622496,-0.9171146044746992,-0.9222949416950305,-0.9268658274776757,1.0,-0.2244526787125606,-0.2022941838186339,-0.1788322480485936,-0.15394837677733875,-0.12750926355163048,0,0,0,0,0,0,0,0,0,0,0.11928338491926428,1.0,0.05975107410196201,0.11771474244601957,1.0,0.05975107410196201,0.11349235029147167,1.0,0.05975107410196201,0.11345103291263554,1.0,0.05975107410196201
2024-08-02,0.06328215141563853,1.0,-1.0,-1.0,-1.0,-1.0,-1.0,-1.0,-1.0,-1.0,-1.0,-1.0,0.2933942375263487,0.5685348517346643,-0.03372696694940296,0.15572070515036204,-0.2969700174501619,0.25680500373059567,0.42991243866101647,0.4020731898853454,0.5260756626384364,0.3087867663525369,-1.0,-1.0,-1.0,-1.0,1.0,0.8590925191214278,0.912209448239183,0.968450902599159,1.0,1.0,-1,-1,-1,-1,-1,-1,-1,-1,0,0,0.06328215141563827,1.0,0.06328215141563853,0.06492533534940503,1.0,0.06328215141563853,0.11090420427288229,1.0,0.06328215141563853,0.11069514708793472,1.0,0.06328215141563853
2024-08-05,0.08818770226537209,1.0,-1.0,-1.0,-1.0,-1.0,-1.0,-1.0,-1.0,-1.0,-1.0,-1.0,0.17451393769031479,0.588797301759835,-0.06050745832114965,0.1807811959903208,-0.2468404632224591,0.27049414511723224,0.3418831801022449,0.49735615936338406,0.4874212755030767,0.29705869179714717,-0.8614453255273796,-0.8337343906328558,-0.8441259912183022,-0.8532950505584022,1.0,-0.45622053060916484,-0.4406839743408552,-0.42423350299793944,-0.4067860333918162,-0.3882480969353103,0,0,0,0,0,0,0,0,0,0,0.10664801580179707,1.0,0.08818770226537209,0.10656770930549976,1.0,0.08818770226537209,0.11025128561819247,1.0,0.08818770226537209,0.10999991225488495,1.0,0.08818770226537209
2024-08-06,0.09179882193022215,1.0,-1.0,-1.0,-1.0,-1.0,-1.0,-1.0,-1.0,-1.0,-1.0,-1.0,-0.06480830795659581,0.6062063371453592,-0.11443404504241085,0.126512270998965,-0.14594680344772154,0.21199670309568236,0.18085846640110917,0.45128527302235816,0.4423932705600878,0.26371579242469245,0.08185077737163507,0.2982209328459613,0.21708212454308914,0.1454890583934961,1.0,-0.8952853822562717,-0.892293536035022,-0.8891256988595819,-0.8857658715522965,-0.8821960550383058,0,0,0,0,0,0,0,0,0,0,0.09520679806059643,1.0,0.09179882193022215,0.10342500120716729,1.0,0.09179882193022215,0.11304138545489893,1.0,0.09179882193022215,0.11297084068560397,1.0,0.09179882193022215
2024-08-07,0.09471775107685332,1.0,-1.0,-1.0,-1.0,-1.0,-1.0,-1.0,-1.0,-1.0,-1.0,-1.0,-0.2619010437000757,0.6061742763067244,-0.14816101199180862,-0.018608134577718465,-0.044312833800416514,0.06815794720431045,0.03483736775610591,0.1698863933825377,0.37815270546320273,0.23460019762441248,0.12344694258406952,0.3481363311008827,0.26387781040707764,0.18953205685372068,1.0,-0.8685449940897768,-0.8647891367780562,-0.8608123466832931,-0.8565945390070293,-0.852113118350999,0,0,0,0,0,0,0,0,0,0,0.10194050922309,1.0,0.09471775107685332,0.111793770030173,1.0,0.09471775107685332,0.1199019331208419,1.0,0.09471775107685332,0.12027602591335296,1.0,0.09471775107685332
2024-08-08,0.08508548725503329,1.0,-1.0,-1.0,-1.0,-1.0,-1.0,-1.0,-1.0,-1.0,-1.0,-1.0,-0.32280523671948697,0.5387503326312089,-0.051275957882414576,-0.06354418711832906,0.17333826873248384,0.007235101753893302,-0.046399509741031346,-0.07093869430920217,0.2851620801837594,0.22125474362185873,0.39046175358197416,0.6685541042983677,0.5642694727797202,0.47225362143973715,-1.0,-0.9862516033325841,-0.9858587919992292,-0.9854428741168538,-0.985001749090092,-0.9845330537491571,0,0,0,0,0,0,0,0,0,0,0.10318870302528495,1.0,0.08508548725503329,0.11485831427947209,1.0,0.08508548725503329,0.1228077152417128,1.0,0.08508548725503329,0.12337013408926717,1.0,0.08508548725503329
2024-08-09,0.07499109369433565,1.0,-1.0,-1.0,-1.0,-1.0,-1.0,-1.0,-1.0,-1.0,-1.0,-1.0,-0.2774524348663485,0.4551677262773917,0.007312079555429298,-0.08987210508123429,0.2381682618581835,-0.02371962336362811,-0.036558104291731945,-0.21464844772526243,0.2518266834489917,0.2216832800565771,0.6924678791515237,1.0,0.9040263640454632,0.7920248132192601,-1.0,-1.0,-1.0,-1.0,-1.0,-1.0,0,0,0,0,0,0,0,0,0,0,0.11213112418790834,1.0,0.07499109369433565,0.11840586790058931,1.0,0.07499109369433565,0.12428413490231734,1.0,0.07499109369433565,0.12494224168472165,1.0,0.07499109369433565
2024-08-12,0.05350028457598177,1.0,-1.0,-1.0,-1.0,-1.0,-1.0,-1.0,-1.0,-1.0,-1.0,-1.0,-0.19481533536348147,0.43695716992566913,0.11333723310909698,0.02039405461458942,0.35503146316959083,0.05615425565807341,-0.029343086186274348,-0.11596251505156334,0.1693823322397106,0.2351420888579962,-0.5078488113391263,-0.4094185736069517,-0.44632991275651684,-0.47889874141789845,1.0,-0.6179693053284304,-0.6070541426235284,-0.5954969115242201,-0.5832392421764695,-0.5702154684944841,0,0,0,0,0,0,0,0,0,0,0.11130221115260143,1.0,0.05350028457598177,0.11498349623588211,1.0,0.05350028457598177,0.12047446239162082,1.0,0.05350028457598177,0.12088566126245352,1.0,0.05350028457598177
2024-08-13,0.06169429097605894,1.0,-1.0,-1.0,-1.0,-1.0,-1.0,-1.0,-1.0,-1.0,-1.0,-1.0,-0.04769527081545802,0.419484012862807,0.21671175782391283,0.19132388524023072,0.41489080429378916,0.16838054990884108,-0.03266380581639452,0.1243390398408516,-0.010133593780434035,0.24396993941324213,0.8601350937761438,1.0,1.0,0.9695548051747407,-1.0,-1.0,-1.0,-1.0,-1.0,-1.0,0,0,0,0,0,0,0,0,0,0,0.08589257173544562,1.0,0.06169429097605894,0.10610881187485696,1.0,0.06169429097605894,0.11512170585317445,1.0,0.06169429097605894,0.11518598830682211,1.0,0.06169429097605894
