feature_column,target_horizon_days,selection_rows,evaluation_rows,coefficient,intercept,selection_correlation,selection_directional_accuracy,evaluation_correlation,evaluation_directional_accuracy
ma_crossover_score,97,134,132,-0.0471078787931788,0.13257483065511128,0.5142078737364909,1.0,0.6620710175145926,1.0
ma_crossover_score,96,135,133,-0.049717890353636295,0.13188833641901487,0.5441676937647374,1.0,0.6564705578321559,1.0
ma_crossover_score,98,133,131,-0.04474361368516374,0.13356581917037766,0.492232754511859,1.0,0.6553994099297556,1.0
ma_crossover_score,99,132,130,-0.04305628970648142,0.1347630689464085,0.47636461861916923,1.0,0.649792125037797,1.0
ma_crossover_score,95,136,134,-0.05164697140726337,0.1309983281892885,0.5690914315506767,1.0,0.6418241741078555,1.0
ma_crossover_score,100,131,129,-0.04113622771526942,0.13585092328443002,0.453578911135331,1.0,0.6414277393902764,1.0
ma_crossover_score,101,130,128,-0.0392568284432309,0.13701684961840221,0.43584280970862355,1.0,0.6319586558688035,1.0
ma_crossover_score,102,129,127,-0.03660841546572106,0.13774949069656878,0.408120063995757,1.0,0.6243560741544512,1.0
ma_crossover_score,94,137,135,-0.052935445568617345,0.12981917190816214,0.5805736479894762,1.0,0.6127511552166794,1.0
ma_crossover_score,103,128,126,-0.03338771167699449,0.13828933119641398,0.3749887687001993,1.0,0.6111017400940354,1.0
ma_crossover_score,104,127,125,-0.029408418309686258,0.1386332534873504,0.33294311566867474,1.0,0.600139283720941,1.0
ma_crossover_score,105,126,124,-0.025400367040316566,0.13906467776954332,0.2932540418871291,1.0,0.5845999024696884,1.0
ma_crossover_score,93,138,136,-0.053903871467882745,0.1286764948584069,0.5927865899690035,1.0,0.5824477074579025,1.0
ma_crossover_score,106,125,123,-0.022135932393571867,0.13962264984847023,0.2617173167624845,1.0,0.563677358650335,1.0
ma_crossover_score,92,139,137,-0.05378628588288023,0.12719378011101917,0.5909173598039272,1.0,0.5493694736185305,1.0
ma_crossover_score,107,124,122,-0.01962384272532625,0.1402941527090395,0.23877450492965285,1.0,0.5394212629215521,1.0
ma_crossover_score,91,140,138,-0.053104155718395024,0.1256525550217412,0.5812334945851246,1.0,0.51831584779183,1.0
ma_crossover_score,108,123,121,-0.018482906900007378,0.14129330155274894,0.23155233717874363,1.0,0.5124565938321537,1.0
ma_crossover_score,90,141,139,-0.051753460978513355,0.12401038955388509,0.5575891564616059,1.0,0.4928427018027777,0.9928057553956835
ma_crossover_score,109,122,120,-0.01861529111597446,0.14254272413653846,0.23728476933124237,1.0,0.47915078795513205,1.0
ma_crossover_score,89,142,140,-0.05013068534836556,0.12219276297204575,0.5306917036686775,1.0,0.47808995379856534,0.9928571428571429
ma_crossover_score,88,143,141,-0.048616039337942424,0.12033364830613201,0.5061503541722573,1.0,0.4664672092968233,0.9929078014184397
ma_crossover_score,87,144,142,-0.04808351047563179,0.11904799523004884,0.4896231713174706,1.0,0.46431923698705313,0.9859154929577465
ma_crossover_score,85,146,144,-0.04698440548178763,0.11649827762611689,0.4718039790647935,1.0,0.46427954919091524,0.9791666666666666
ma_crossover_score,86,145,143,-0.04748938381098742,0.11780366284712752,0.48019340746290734,1.0,0.46377172585059867,0.986013986013986
ma_crossover_score,84,147,145,-0.0468115329249381,0.11543271435187252,0.4676799394134949,1.0,0.46279516551493394,0.9724137931034482
ma_crossover_score,83,148,146,-0.04634898371494809,0.1142401277642531,0.45937286459125654,1.0,0.4604488794266239,0.9794520547945206
ma_crossover_score,82,149,147,-0.04604792456393241,0.1130900984286504,0.4553618645703102,1.0,0.4577115111886701,0.9727891156462585
ma_crossover_score,110,121,119,-0.019811240259565713,0.1440459349576802,0.2587515419051612,1.0,0.45702241901695606,1.0
ma_crossover_score,81,150,148,-0.046369517007336596,0.11202644119046076,0.45649907069685147,1.0,0.4529995377507551,0.9864864864864865
ma_crossover_score,80,151,149,-0.04741674331985991,0.11128656727057293,0.4641068802527879,1.0,0.44793436023191924,0.9731543624161074
ma_crossover_score,111,120,118,-0.02128641977181286,0.1453574676422676,0.2819401760828137,1.0,0.4411823607805072,1.0
ma_crossover_score,112,119,117,-0.022531251332374443,0.1467677372077214,0.29891613408318324,1.0,0.43786834523090645,1.0
ma_crossover_score,79,152,150,-0.048376995231124265,0.11039691974947566,0.4680795732697792,0.993421052631579,0.4378415892507301,0.9666666666666667
ma_crossover_score,113,118,116,-0.023830035892961385,0.1482167389121265,0.31360349028737233,1.0,0.4328599291175242,1.0
ma_crossover_score,114,117,115,-0.02468761650724003,0.14934147662068684,0.32674825801653595,1.0,0.42996901474128035,1.0
ma_crossover_score,78,153,151,-0.049678263146202176,0.10956436983891203,0.47404797849992214,0.9869281045751634,0.4277363053503278,0.9668874172185431
ma_crossover_score,125,106,104,-0.0051359705997770415,0.16099597585844685,0.0549199848343107,1.0,0.41934432411491585,1.0
ma_crossover_score,115,116,114,-0.025299620040546866,0.15048309851827307,0.33281185609858244,1.0,0.41917265623307626,1.0
ma_crossover_score,77,154,152,-0.05135070388171839,0.10897558583887827,0.4827883645931938,0.9935064935064936,0.41417730461789226,0.9605263157894737
ma_crossover_score,124,107,105,-0.009789002079016952,0.16071706686393444,0.10557069458315252,1.0,0.41071087850327137,1.0
ma_crossover_score,116,115,113,-0.02514739667231573,0.15173378540577856,0.32793382663354914,1.0,0.40270175199153097,1.0
ma_crossover_score,123,108,106,-0.014003971538237176,0.16027505729001998,0.156281732457462,1.0,0.4012224042947707,1.0
ma_crossover_score,76,155,153,-0.052887662485639,0.10835342074101004,0.4867208284913394,1.0,0.3986666592548805,0.9738562091503268
ma_crossover_score,117,114,112,-0.025066770864420312,0.15330601400902336,0.3235541732676603,1.0,0.38850171515750476,1.0
ma_crossover_score,75,156,154,-0.05377989200251557,0.10751653778635438,0.48496595960388506,0.9935897435897436,0.3841249024866202,0.974025974025974
ma_crossover_score,118,113,111,-0.024540236869476595,0.15485353064152643,0.3184942513600436,1.0,0.379122088030821,1.0
ma_crossover_score,122,109,107,-0.01748150228394166,0.15955913479864056,0.2022393303656992,1.0,0.3786521566894433,1.0
ma_crossover_score,74,157,155,-0.054404443807901395,0.1065982011013748,0.483572835877134,0.9936305732484076,0.3715039504773776,0.9806451612903225
ma_crossover_score,119,112,110,-0.023559338002043146,0.15614045278458888,0.29881474308780953,1.0,0.36647146977702866,1.0
ma_crossover_score,121,110,108,-0.020206047977137397,0.15867795039853302,0.24242579593293112,1.0,0.36638438758166764,1.0
ma_crossover_score,73,158,156,-0.05417482347713172,0.10537945719877659,0.47894168960156874,1.0,0.36185554820846194,0.9615384615384616
ma_crossover_score,120,111,109,-0.021929945685337054,0.15732142172723565,0.2706184116577879,1.0,0.3600078389439541,1.0
ma_crossover_score,72,159,157,-0.05329480822035773,0.10409965532166421,0.4651840122040808,0.9874213836477987,0.3537598846925334,0.9681528662420382
ma_crossover_score,71,160,158,-0.051839439135913025,0.10250910620327756,0.4473888061911349,0.9875,0.3500754204807133,0.9620253164556962
ma_crossover_score,70,161,159,-0.050096987119988855,0.1007203742969167,0.4267576560578123,0.9813664596273292,0.34670789156328824,0.9622641509433962
ma_crossover_score,69,162,160,-0.04882160432907025,0.09916890537783596,0.40927563144143814,0.9753086419753086,0.34071097988686944,0.9625
ma_crossover_score,68,163,161,-0.048119110002654585,0.09769463372836601,0.39501324456952874,0.9693251533742331,0.3292184941203201,0.9565217391304348
ma_crossover_score,67,164,162,-0.048344756778883814,0.09642480072209832,0.39108306455435665,0.9695121951219512,0.31578623821058294,0.9629629629629629
ma_crossover_score,66,165,163,-0.04925378705612351,0.09536555907498599,0.39378470223734835,0.9696969696969697,0.2989107625966084,0.9631901840490797
ma_crossover_score,65,166,164,-0.05055030898025427,0.09454278500129439,0.4028612340837217,0.963855421686747,0.28531052199037593,0.9573170731707317
ma_crossover_score,64,167,165,-0.05156042948242841,0.09367101536510955,0.41037561959079105,0.9580838323353293,0.26620654868825044,0.9636363636363636
ma_crossover_score,63,168,166,-0.05279205427516616,0.09283943085592244,0.4191745876827803,0.9523809523809523,0.2432898701441077,0.9698795180722891
adaptive_volatility_band_score,116,115,113,0.015753288928914914,0.14771597692002825,0.32765404571949974,1.0,0.23818357484505956,1.0
adaptive_volatility_band_score,99,132,130,0.017561599811137207,0.12658476463358578,0.31867342881625776,1.0,0.23530996888003874,1.0
ma_crossover_score,62,169,167,-0.053591557363477614,0.09193771822238596,0.4264350950664566,0.9467455621301775,0.21976384975312757,0.9700598802395209
adaptive_volatility_band_score,98,133,131,0.015783606126477962,0.12493310752880223,0.2839934028287487,1.0,0.21652618569553725,1.0
adaptive_volatility_band_score,115,116,114,0.017550804635314568,0.14670535538126608,0.3700389136632267,1.0,0.21016370566144504,1.0
adaptive_volatility_band_score,118,113,111,0.013183612005423626,0.15052345410771167,0.2692314058932078,1.0,0.2092097466154563,1.0
adaptive_volatility_band_score,100,131,129,0.020312101202615486,0.12846869042833772,0.36747853770993866,1.0,0.2058115070895373,1.0
adaptive_volatility_band_score,117,114,112,0.012545398482733632,0.1488764653549853,0.25661322542176607,1.0,0.20168404968861772,1.0
ma_crossover_score,61,170,168,-0.05398065579605012,0.09088757869093148,0.42919294729237034,0.9470588235294117,0.19949509575576124,0.9642857142857143
adaptive_volatility_band_score,91,140,138,0.014649601254609079,0.11472842148446258,0.2649563073766756,1.0,0.1989047124670248,1.0
adaptive_volatility_band_score,114,117,115,0.016814066089771918,0.1454269221174118,0.357123186368501,1.0,0.19857116561004926,1.0
adaptive_volatility_band_score,101,130,128,0.02123210658866549,0.13014192754329063,0.3885633400683786,1.0,0.19606420812036612,1.0
adaptive_volatility_band_score,92,139,137,0.014408286194658249,0.11615257673638137,0.26187129669346326,1.0,0.19518894166848855,1.0
adaptive_volatility_band_score,88,143,141,0.019237214159334867,0.11087114267811418,0.3331430836084267,1.0,0.1949515886050676,0.9929078014184397
adaptive_volatility_band_score,96,135,133,0.015202040919838471,0.12202722518033578,0.27356110664150196,1.0,0.19294848851668328,1.0
adaptive_volatility_band_score,89,142,140,0.01904746681632147,0.11249794265080236,0.3331923976861569,1.0,0.19258221075254503,0.9928571428571429
adaptive_volatility_band_score,87,144,142,0.019007946325879953,0.10954991670119861,0.32215996335517955,1.0,0.18983627028799122,0.9859154929577465
adaptive_volatility_band_score,97,134,132,0.014525295235927127,0.12319688552607613,0.26079443936517543,1.0,0.18851664764779738,1.0
fear_greed_candle_volume_score,82,149,147,0.028255749302141413,0.1013363943833599,0.07649836608177916,1.0,0.18661109173320245,0.9727891156462585
fear_greed_candle_volume_score,84,147,145,0.0408495087370036,0.10389534466826184,0.11236166024322296,1.0,0.18469839242776323,0.9724137931034482
adaptive_volatility_band_score,86,145,143,0.01747784079923303,0.10799296800089253,0.29557551019019224,1.0,0.1836166394902655,0.986013986013986
adaptive_volatility_band_score,119,112,110,0.012095522058573404,0.15182762363858418,0.23961212211338467,1.0,0.18335662445644366,1.0
ma_crossover_score,60,171,169,-0.05449371273381839,0.08999940485275669,0.43086729813165203,0.9415204678362573,0.18269544978603372,0.9644970414201184
fear_greed_candle_volume_score,86,145,143,0.04298341527283616,0.10647003017420634,0.12094392441512446,1.0,0.18236272435328002,0.986013986013986
ma_crossover_score,45,186,184,-0.036868043139204956,0.06811796767512414,0.2702755097865247,0.7956989247311828,0.18080930900886197,0.9021739130434783
ma_crossover_score,34,197,195,-0.04014917615961643,0.05496931941630524,0.30995358238808063,0.7411167512690355,0.17953733626296414,0.8717948717948718
fear_greed_candle_volume_score,81,150,148,0.015247727105823491,0.09993659038899132,0.04105285738397892,1.0,0.1793636111953678,0.9864864864864865
ma_crossover_score,46,185,183,-0.03878258059537936,0.06986741270352022,0.2876397204966174,0.8162162162162162,0.17891481564915745,0.907103825136612
fear_greed_candle_volume_score,83,148,146,0.02938191020007116,0.1025233161496156,0.07987409575309115,1.0,0.1786236320156728,0.9794520547945206
fear_greed_candle_volume_score,88,143,141,0.03449378108360157,0.10881869594446592,0.10034719353081992,1.0,0.17847539875371873,0.9929078014184397
fear_greed_candle_volume_score,87,144,142,0.03826731466375273,0.10763963774685079,0.1087832567664276,1.0,0.17751532906302964,0.9859154929577465
adaptive_volatility_band_score,94,137,135,0.0156727472691668,0.11930874123960526,0.28419365764597077,1.0,0.17740992671787797,1.0
ma_crossover_score,44,187,185,-0.0353156898375915,0.066462993627155,0.2558846754983971,0.786096256684492,0.1772691637507154,0.8972972972972973
fear_greed_candle_volume_score,85,146,144,0.04234917034765657,0.10511799573816578,0.11777022722656799,1.0,0.1764728564434954,0.9791666666666666
fear_greed_candle_volume_score,80,151,149,0.011436615360882663,0.09880130920529936,0.030589605133508942,1.0,0.17605636054863172,0.9731543624161074
ma_crossover_score,35,196,194,-0.04012021132985085,0.056199980116349454,0.3039746914923406,0.7397959183673469,0.17506417020428053,0.8969072164948454
adaptive_volatility_band_score,93,138,136,0.014195137543944455,0.11762534141857861,0.25780788225637735,1.0,0.17468009613256122,1.0
fear_greed_candle_volume_score,79,152,150,0.002513982927105535,0.09751792052900593,0.006646942888118818,0.993421052631579,0.1744036525617284,0.9666666666666667
fear_greed_candle_volume_score,89,142,140,0.027559218923750652,0.11024617544993918,0.08153432605598321,1.0,0.17350576171566862,0.9928571428571429
adaptive_volatility_band_score,102,129,127,0.01935781278544729,0.13116938516678622,0.3575164652969378,1.0,0.17305209111017564,1.0
ma_crossover_score,33,198,196,-0.03888012513340141,0.05333857932999041,0.3080427893073993,0.7272727272727273,0.1717252080107636,0.8979591836734694
adaptive_volatility_band_score,90,141,139,0.01583188856522832,0.11351027797984009,0.28187256448416215,1.0,0.17082607094476462,0.9928057553956835
ma_crossover_score,47,184,182,-0.04060034295118925,0.071573935308966,0.30441981878172925,0.8315217391304348,0.1706304128421612,0.9010989010989011
fear_greed_candle_volume_score,1,230,228,0.01072224329324493,0.001185677364798722,0.10267546482536269,0.5739130434782609,0.1699888023842651,0.6052631578947368
ma_crossover_score,59,172,170,-0.05493878919330557,0.08909641288035425,0.43356914470776775,0.9244186046511628,0.1690031184242367,0.9647058823529412
ma_crossover_score,43,188,186,-0.03439595956054419,0.06485959123189591,0.2481724877639609,0.776595744680851,0.16847773022358142,0.8870967741935484
ma_crossover_score,36,195,193,-0.039452362116183096,0.05736213734587785,0.2952656526379429,0.7333333333333333,0.16703424208072656,0.8860103626943006
adaptive_volatility_band_score,110,121,119,0.01771126763685107,0.14102017258465505,0.37153681983169,1.0,0.1665119592749205,1.0
fear_greed_candle_volume_score,90,141,139,0.017206731817842772,0.11154947997012504,0.05181321265904874,1.0,0.1658091536847133,0.9928057553956835
ma_crossover_score,48,183,181,-0.04281777300207648,0.07344302778093338,0.3243812710711007,0.8360655737704918,0.16139528547713194,0.8784530386740331
adaptive_volatility_band_score,95,136,134,0.014638377278534247,0.12061708612552789,0.2653189869289645,1.0,0.16058890238094686,1.0
ma_crossover_score,58,173,171,-0.05552924804237736,0.08825133682880125,0.4381697234299763,0.9017341040462428,0.16050732509260598,0.9590643274853801
ma_crossover_score,32,199,197,-0.03639250100337761,0.05130704894814544,0.29738197865594546,0.7286432160804021,0.159743549695645,0.8934010152284264
adaptive_volatility_band_score,104,127,125,0.018668872691390337,0.13363299206557366,0.3494394131453435,1.0,0.15871317374687474,1.0
ma_crossover_score,42,189,187,-0.03441389968371268,0.06359524313084328,0.24681260894517856,0.798941798941799,0.15721293038642567,0.8877005347593583
ma_crossover_score,57,174,172,-0.0559881508079269,0.08736119682773794,0.4432035627457231,0.8850574712643678,0.155880187849967,0.9418604651162791
ma_crossover_score,49,182,180,-0.045319713331736726,0.07536444666113569,0.34921417635856916,0.8571428571428571,0.15440628845066426,0.9
ma_crossover_score,37,194,192,-0.03877759226482423,0.05852346264273713,0.28739042906186885,0.7731958762886598,0.15308411435354272,0.8854166666666666
ma_crossover_score,56,175,173,-0.056446032742304086,0.08643123799160822,0.4501884245600929,0.8685714285714285,0.15265105778866173,0.930635838150289
fear_greed_candle_volume_score,73,158,156,0.0017611955432777604,0.09115933859724273,0.00424903074774,1.0,0.15105758237551986,0.9615384615384616
ma_crossover_score,55,176,174,-0.05685657971585111,0.08545781771465924,0.4527489444445734,0.875,0.15040312524187066,0.9252873563218391
ma_crossover_score,50,181,179,-0.048531981907532,0.07757102950370592,0.377106742106954,0.856353591160221,0.14928751975694463,0.9273743016759777
ma_crossover_score,54,177,175,-0.0571705157116907,0.08461420407257378,0.45353312806340335,0.8757062146892656,0.14903464013805426,0.9257142857142857
ma_crossover_score,53,178,176,-0.05634609766175895,0.08334134088037035,0.4453488713135614,0.8707865168539326,0.1478597246417397,0.9318181818181818
ma_crossover_score,31,200,198,-0.03296761254090636,0.04900009484658324,0.2795505910078811,0.755,0.14778790492106594,0.8888888888888888
fear_greed_candle_volume_score,72,159,157,0.005493624694110534,0.0901943249412447,0.01308327246066574,0.9874213836477987,0.1473304935670645,0.9681528662420382
adaptive_volatility_band_score,111,120,118,0.017754997747220093,0.14202116534527157,0.3788745060109202,1.0,0.14694532602761232,1.0
fear_greed_candle_volume_score,75,156,154,0.0005358907311781949,0.09330995309452259,0.0013192434619305714,0.9935897435897436,0.14683502464166484,0.974025974025974
adaptive_band_score,120,111,109,-0.0018019048893288918,0.15075760578295924,0.022370305203197896,1.0,0.14669509083366294,1.0
fear_greed_candle_volume_score,103,128,126,0.04419905958492997,0.1303413872084147,0.1430422413375652,1.0,0.145892528107743,1.0
ma_crossover_score,51,180,178,-0.05162611536226638,0.07967649321303084,0.4037264102885971,0.8666666666666667,0.1457673898089496,0.9438202247191011
adaptive_band_score,117,114,112,-0.00285324756046085,0.14514106946349503,0.03758169950060625,1.0,0.14563225203493416,1.0
fear_greed_candle_volume_score,93,138,136,0.03964750875033135,0.11628558432192308,0.12226843446674347,1.0,0.14559786754770976,1.0
ma_crossover_score,52,179,177,-0.05445046670376786,0.08165232547453616,0.42847104533828945,0.8547486033519553,0.14551095372749695,0.943502824858757
ma_crossover_score,41,190,188,-0.03509515921673317,0.06258798552285347,0.2520454174470911,0.8157894736842105,0.14443571223439564,0.898936170212766
fear_greed_candle_volume_score,74,157,155,0.0006991735474510734,0.09226797479610016,0.0016962218944053785,0.9936305732484076,0.14442411093741178,0.9806451612903225
adaptive_volatility_band_score,106,125,123,0.020510824182699627,0.13651453343796605,0.3966705192163087,1.0,0.1438621397847079,1.0
adaptive_volatility_band_score,103,128,126,0.019123002613347227,0.13245059032071194,0.3564492989067202,1.0,0.14361287848767498,1.0
fear_greed_candle_volume_score,91,140,138,0.0061537503341673894,0.11275253413797122,0.018829957467707496,1.0,0.1426511946381003,1.0
ma_crossover_score,38,193,191,-0.038082855845081066,0.05957311602545509,0.27911094015793275,0.7979274611398963,0.14241839310127646,0.9162303664921466
adaptive_band_score,116,115,113,-0.002050547548251426,0.14418997254595778,0.027287345463503504,1.0,0.14069637053498688,1.0
adaptive_band_score,119,112,110,-0.002295128392862321,0.14879011600100242,0.029300554217643805,1.0,0.13974243962766353,1.0
ma_crossover_score,40,191,189,-0.03589610572601165,0.06157796442581165,0.2587705199699003,0.806282722513089,0.1385619297667154,0.8888888888888888
ma_crossover_score,39,192,190,-0.03688439637802163,0.06057332134881179,0.2683254598564668,0.8072916666666666,0.1380636468160429,0.9052631578947369
adaptive_volatility_band_score,109,122,120,0.018629618482117017,0.13978705699330743,0.382002343665269,1.0,0.13804155803681656,1.0
fear_greed_candle_volume_score,102,129,127,0.04645378322020954,0.12908965976082773,0.14891050514639348,1.0,0.13751014390260333,1.0
fear_greed_candle_volume_score,92,139,137,0.03236347290068905,0.11460177314375483,0.0995225818808621,1.0,0.13696882932809362,1.0
ma_crossover_score,30,201,199,-0.028499066108883125,0.04639135384511224,0.25213073384032175,0.7512437810945274,0.13646433804837918,0.8793969849246231
adaptive_volatility_band_score,85,146,144,0.015043935250536196,0.10630211030542895,0.25197114682563404,1.0,0.13572173332496798,0.9791666666666666
fear_greed_candle_volume_score,104,127,125,0.0504257750275209,0.13179888421314132,0.16451631162260302,1.0,0.13503323022288113,1.0
fear_greed_candle_volume_score,99,132,130,0.05606106808293437,0.12511227177366427,0.17521125507978033,1.0,0.1333105220277843,1.0
fear_greed_candle_volume_score,94,137,135,0.038609628793116656,0.1177450606165965,0.11888561010379009,1.0,0.13305832484248473,1.0
fear_greed_candle_volume_score,98,133,131,0.04795943479007129,0.12352289819878152,0.1484781507281223,1.0,0.13235316016810106,1.0
adaptive_volatility_band_score,120,111,109,0.009704831949120267,0.15314340315728628,0.1870015276474811,1.0,0.13145929280038646,1.0
fear_greed_candle_volume_score,107,124,122,0.062206283152332294,0.13574410826345326,0.15492505886523716,1.0,0.13076380873187027,1.0
adaptive_volatility_band_score,105,126,124,0.02040576508834503,0.13521631865638478,0.3872707911029902,1.0,0.13009456248705178,1.0
fear_greed_candle_volume_score,108,123,121,0.08430545895065286,0.13724741203783328,0.21631959987815738,1.0,0.13004587537866844,1.0
adaptive_volatility_band_score,112,119,117,0.017363102142398126,0.14304096058726468,0.37058083446426576,1.0,0.12969773298757678,1.0
fear_greed_candle_volume_score,96,135,133,0.054339960680967685,0.12089532655562593,0.16704004320542445,1.0,0.1283875209580364,1.0
fear_greed_candle_volume_score,97,134,132,0.05375764626904539,0.12214563039564749,0.1648695189230703,1.0,0.12743836849224088,1.0
ma_crossover_score,29,202,200,-0.023096428749190743,0.04347173170366043,0.21276895904800305,0.7722772277227723,0.12694145614184385,0.86
adaptive_volatility_band_score,84,147,145,0.015490705824888073,0.10517903444275344,0.2566978250449379,1.0,0.12684889485828424,0.9724137931034482
fear_greed_candle_volume_score,109,122,120,0.08406063028701576,0.13849886467508074,0.21966195447504258,1.0,0.1257371637648328,1.0
adaptive_volatility_band_score,113,118,116,0.016299649381451158,0.14431000841779282,0.34319746038311655,1.0,0.1254105894973878,1.0
adaptive_volatility_band_score,107,124,122,0.020461960982453793,0.13770913468025897,0.40497223085063516,1.0,0.12370931004424343,1.0
fear_greed_candle_volume_score,101,130,128,0.04862875605350803,0.12786280808617687,0.15438882948917934,1.0,0.12307937885742676,1.0
fear_greed_candle_volume_score,100,131,129,0.056198961245162216,0.1265132594137185,0.1760157596178717,1.0,0.12291022174538131,1.0
fear_greed_candle_volume_score,95,136,134,0.037605646629825136,0.11927621006825541,0.11637859841852582,1.0,0.12227408279266573,1.0
fear_greed_candle_volume_score,2,229,227,0.02482039691581954,0.002422568302082178,0.17165530569559667,0.5851528384279476,0.12114887241702905,0.6123348017621145
ma_crossover_score,28,203,201,-0.017816964519089627,0.04061438799061982,0.17169349683644886,0.7881773399014779,0.1190688914579273,0.8507462686567164
adaptive_volatility_band_score,108,123,121,0.019014666333364547,0.13871826552130778,0.38531326236428537,1.0,0.11841941036604475,1.0
adaptive_volatility_band_score,83,148,146,0.01519780966149359,0.10392238523997009,0.24890138344670282,1.0,0.11530694111582995,0.9794520547945206
fear_greed_candle_volume_score,105,126,124,0.057863856711222746,0.13294197139678354,0.1366726651613658,1.0,0.11424108646097164,1.0
fear_greed_candle_volume_score,113,118,116,0.07339120024180035,0.14310030555359898,0.20088852619629813,1.0,0.11221708337265161,1.0
fear_greed_candle_volume_score,106,125,123,0.056676455858827045,0.13435105868415828,0.13709750653243785,1.0,0.11219594063756883,1.0
adaptive_band_score,115,116,114,-0.0007950433847791421,0.14389771145964989,0.010658143775955866,1.0,0.10953647776072088,1.0
fear_greed_candle_volume_score,110,121,119,0.07422495912280044,0.13966526189972261,0.1990237077184813,1.0,0.10515720268651126,1.0
ma_crossover_score,27,204,202,-0.01234307362692165,0.03769687255021848,0.12485859344340029,0.7647058823529411,0.10503933127586958,0.8613861386138614
adaptive_band_score,99,132,130,-0.004472492346582439,0.12041057006625767,0.04857349391740626,1.0,0.10499986422108479,1.0
adaptive_volatility_band_score,81,150,148,0.01193463510511121,0.10101679863208685,0.19529235297034503,1.0,0.10377870447612811,0.9864864864864865
fear_greed_candle_volume_score,3,228,226,0.026169958396851482,0.0035933283509248133,0.1514181434277765,0.6052631578947368,0.1036990405749458,0.6061946902654868
fear_greed_candle_volume_score,114,117,115,0.0818266511268288,0.14418637475487103,0.2261674427258895,1.0,0.10233965862334035,1.0
adaptive_band_score,3,228,226,-0.0001791178015945745,0.003206513787249402,0.0045199406100105664,0.5964912280701754,0.10099645873577238,0.6017699115044248
fear_greed_candle_volume_score,112,119,117,0.07938342930837806,0.14191918603064177,0.21799773577175047,1.0,0.10011997438448543,1.0
adaptive_band_score,98,133,131,-0.0025843482434211923,0.12057303263725727,0.027812349940759064,1.0,0.09676739400555029,1.0
fear_greed_candle_volume_score,111,120,118,0.08030506205052869,0.14072842164213195,0.21904133678584325,1.0,0.09623734723966448,1.0
adaptive_band_score,95,136,134,-0.0018766253338013902,0.11709913838370462,0.020208264604407278,1.0,0.09559594962827989,1.0
adaptive_band_score,96,135,133,-0.0026612533026203057,0.11778987213830251,0.02845618845917091,1.0,0.0947535256170479,1.0
adaptive_volatility_band_score,82,149,147,0.01334970194476021,0.10247379209764183,0.218429247633046,1.0,0.09446897613259361,0.9727891156462585
adaptive_band_score,97,134,132,-0.002457895267817686,0.11922113155995097,0.02621249430770549,1.0,0.09390497592432898,1.0
adaptive_volatility_band_score,80,151,149,0.011380719766494329,0.09994103469815512,0.18599822327636395,1.0,0.08887271542084275,0.9731543624161074
fear_greed_candle_volume_score,7,224,222,0.01673301445349586,0.008245608578890968,0.06385152109211625,0.625,0.08826620771293475,0.7072072072072072
ma_crossover_score,26,205,203,-0.007227263778323777,0.03497625773903831,0.07664871500251848,0.7658536585365854,0.08773277959038313,0.8522167487684729
adaptive_volatility_band_score,129,102,100,0.009045872751844278,0.16577127828194535,0.14381195861910165,1.0,0.08624564702855765,1.0
adaptive_volatility_band_score,121,110,108,0.008987884325107129,0.1547571538316208,0.16708789465031773,1.0,0.08559269862910407,1.0
adaptive_band_score,94,137,135,-0.0034739254824512115,0.1141811086908531,0.037262908862406505,1.0,0.0836554926165562,1.0
fear_greed_candle_volume_score,32,199,197,0.008698410800763666,0.04019799074966295,0.017679155713001396,0.7286432160804021,0.08320707597239482,0.8934010152284264
adaptive_volatility_band_score,79,152,150,0.011101005676551775,0.09866299167013387,0.18082778534754512,0.993421052631579,0.08205640293263296,0.9666666666666667
fear_greed_candle_volume_score,8,223,221,0.02279742004577262,0.009500789099603855,0.08108225701419135,0.6233183856502242,0.07979993743073609,0.7194570135746606
adaptive_band_score,100,131,129,-0.009858573666420112,0.11717421108939657,0.10725930756963681,1.0,0.0793656170990313,1.0
adaptive_band_score,114,117,115,-0.003677315108519565,0.14037673073949516,0.04945422646553542,1.0,0.07627866414808852,1.0
adaptive_band_score,93,138,136,-0.0004523890179570107,0.11531982327215123,0.0048615780142687946,1.0,0.07611993164535956,1.0
fear_greed_candle_volume_score,6,225,223,0.019825590474601047,0.007053837383599836,0.08143735506720134,0.6044444444444445,0.07433617485910327,0.6905829596412556
adaptive_volatility_band_score,128,103,101,0.0086326927065453,0.16423988303689283,0.13814499254798654,1.0,0.07346996083434618,1.0
adaptive_band_score,103,128,126,-0.003773861083443649,0.12641659114228793,0.04238042672107778,1.0,0.07281333944304134,1.0
fear_greed_candle_volume_score,33,198,196,0.0039108605662366595,0.04133108834442064,0.007729480349729487,0.7272727272727273,0.06988737462303721,0.8979591836734694
fear_greed_candle_volume_score,115,116,114,0.08634234582068914,0.14531343238496325,0.238003411752342,1.0,0.06987451673970395,1.0
ma_crossover_score,25,206,204,-0.0022904546151713,0.03232182222713236,0.025232544092273622,0.7621359223300971,0.06985832926798942,0.8431372549019608
adaptive_volatility_band_score,124,107,105,0.01121795513622894,0.1592230137485153,0.18544962082975916,1.0,0.06955831668770537,1.0
adaptive_volatility_band_score,127,104,102,0.008976998201266373,0.16290530033989814,0.14414001614908556,1.0,0.06735035408542728,1.0
adaptive_band_score,101,130,128,-0.008518399926350307,0.11979569347195293,0.09391272333884015,1.0,0.06719631007298354,1.0
adaptive_band_score,37,194,192,0.007633473272740142,0.053232507692965114,0.05625222305976229,0.7731958762886598,0.06622040465273053,0.8854166666666666
adaptive_band_score,104,127,125,-0.003990298839806551,0.12758959848231347,0.04515732419295201,1.0,0.06518103993229969,1.0
fear_greed_candle_volume_score,25,206,204,0.007048165587010629,0.031764322475681755,0.017418946516737047,0.7621359223300971,0.064974336552047,0.8431372549019608
ma_crossover_score,3,228,226,-0.006960865196094129,0.005004877362768783,0.19738476081705858,0.6271929824561403,0.06459678987395619,0.504424778761062
ma_crossover_score,2,229,227,-0.004710787310463276,0.003310851273731307,0.15978717509313842,0.5938864628820961,0.06459039577156407,0.5198237885462555
adaptive_band_score,38,193,191,0.003442103488930937,0.050893406727596,0.0251390650342359,0.7979274611398963,0.06375066694026532,0.9162303664921466
fear_greed_candle_volume_score,116,115,113,0.08105129162892574,0.14662361922651404,0.22188586644829292,1.0,0.06346849115330654,1.0
adaptive_band_score,30,201,199,0.013392415935792443,0.04963044739580291,0.11559565981750693,0.7512437810945274,0.061243391887786415,0.8793969849246231
adaptive_volatility_band_score,126,105,103,0.01019378255816339,0.16177675243225287,0.16567731177628872,1.0,0.0607180296696315,1.0
adaptive_band_score,55,176,174,0.005128011062494647,0.072864786911415,0.04135400362363139,0.875,0.06001945547681895,0.9252873563218391
fear_greed_candle_volume_score,5,226,224,0.0195657449313558,0.005886780634963107,0.08677239772182205,0.6194690265486725,0.0596903438102819,0.6785714285714286
adaptive_band_score,102,129,127,-0.006981568513697309,0.12237852680227652,0.07768630549409469,1.0,0.05892103008687699,1.0
adaptive_band_score,36,195,193,0.008914744005625901,0.05293515966238842,0.06627168994401895,0.7333333333333333,0.057137027267649645,0.8860103626943006
adaptive_band_score,92,139,137,-0.0023706658072991937,0.1120840002465611,0.02541239381943068,1.0,0.05647252298227467,1.0
adaptive_band_score,32,199,197,0.014272241934390799,0.05268030359672113,0.11542678220399442,0.7286432160804021,0.05566637205013981,0.8934010152284264
adaptive_band_score,91,140,138,-0.004144491211119841,0.10907306359980229,0.04422106890457027,1.0,0.05472579513661833,1.0
adaptive_volatility_band_score,77,154,152,0.01069214463520107,0.09636719244653166,0.16972710651296183,0.9935064935064936,0.053884674572627675,0.9605263157894737
fear_greed_candle_volume_score,24,207,205,0.007373985632135291,0.030619967574619232,0.018636428857844348,0.7632850241545893,0.05337993520903937,0.824390243902439
fear_greed_candle_volume_score,4,227,225,0.017888074655508276,0.004705054932454704,0.08896063194006992,0.6211453744493393,0.05238761282356122,0.64
adaptive_volatility_band_score,122,109,107,0.011031208011545892,0.15643364136301496,0.19773057573483058,1.0,0.05209640906896167,1.0
ma_crossover_score,4,227,225,-0.008966288198543,0.00667217229325011,0.21836734859231577,0.6255506607929515,0.051536165324631386,0.5155555555555555
adaptive_volatility_band_score,69,162,160,0.008242543608981657,0.08715139880653858,0.12004209582338914,0.9753086419753086,0.05064240909050115,0.9625
adaptive_band_score,22,209,207,-2.1222529776713937e-05,0.028166308734449065,0.00022122914369941286,0.7320574162679426,0.05008534736443459,0.7922705314009661
adaptive_volatility_band_score,1,230,228,0.00030133700387820423,0.001117707446529943,0.021451729561389944,0.5652173913043478,0.04822089755415591,0.5921052631578947
fear_greed_candle_volume_score,26,205,203,0.012214011987852241,0.03307626550182622,0.029658078732879414,0.7658536585365854,0.048127553806990936,0.8522167487684729
adaptive_band_score,42,189,187,-0.0052718289511458965,0.048786513379277294,0.03829596327427903,0.798941798941799,0.048081115642614865,0.8877005347593583
adaptive_volatility_band_score,78,153,151,0.010371975898289032,0.09736336577136784,0.16702524114231243,0.9869281045751634,0.04694174163295725,0.9668874172185431
adaptive_band_score,56,175,173,0.002730439318025282,0.07196094237596123,0.02207614437390961,0.8685714285714285,0.04687086899039456,0.930635838150289
ma_crossover_score,1,230,228,-0.00230598687204283,0.0016310399346357416,0.10836171762638191,0.5869565217391305,0.04659403192156883,0.5
adaptive_band_score,34,197,195,0.012281010270864883,0.05327377822244546,0.09418485804370724,0.7411167512690355,0.04503568357269821,0.8717948717948718
adaptive_volatility_band_score,73,158,156,0.009469624683111794,0.09198017393003396,0.14346168276588664,1.0,0.04480894232686643,0.9615384615384616
adaptive_volatility_band_score,75,156,154,0.010722349119847659,0.09431511521941828,0.16442439394746516,0.9935897435897436,0.04441044450693822,0.974025974025974
adaptive_band_score,45,186,184,-0.005131758408144749,0.05281513914066422,0.03817880685895328,0.7956989247311828,0.04422238171221074,0.9021739130434783
adaptive_band_score,105,126,124,-0.005403281750455437,0.127864405752939,0.06233108050776171,1.0,0.04361326551728944,1.0
adaptive_band_score,43,188,186,-0.005717775570673375,0.049729137470258804,0.041868834749927863,0.776595744680851,0.043313859824680286,0.8870967741935484
adaptive_band_score,2,229,227,-0.00019072467841052795,0.002038251020957698,0.005753756980527343,0.5764192139737991,0.04247829916464171,0.5991189427312775
adaptive_band_score,53,178,176,0.0024606208385548494,0.06850212445985104,0.019691015630313124,0.8707865168539326,0.042437608948827324,0.9318181818181818
adaptive_volatility_band_score,130,101,99,0.007953868347789385,0.16721797856160556,0.12509513913802053,1.0,0.042297387569428274,1.0
adaptive_volatility_band_score,74,157,155,0.009845769554097222,0.09311973339673431,0.1499354137520031,0.9936305732484076,0.04197099280171051,0.9806451612903225
adaptive_volatility_band_score,76,155,153,0.010863388116788351,0.0954244955936546,0.16874601893809846,1.0,0.041512839956897155,0.9738562091503268
adaptive_band_score,52,179,177,0.0017650206121155659,0.0668248257377971,0.014060772946678592,0.8547486033519553,0.04087980589132007,0.943502824858757
adaptive_band_score,41,190,188,-0.0023769579780325255,0.05001775527634194,0.01722925525110408,0.8157894736842105,0.04026321833342849,0.898936170212766
adaptive_band_score,31,200,198,0.012532091560258156,0.05000380498868527,0.10457882133643998,0.755,0.039788492335381564,0.8888888888888888
ma_crossover_score,5,226,224,-0.010401256283343359,0.008189019746439584,0.22577490246305998,0.6061946902654868,0.03958936027099005,0.5446428571428571
adaptive_volatility_band_score,71,160,158,0.009425546422218826,0.08984331375571634,0.14016537013828279,0.9875,0.03898961704151193,0.9620253164556962
adaptive_band_score,106,125,123,-0.007500176512595018,0.12749576321148187,0.08857062523136973,1.0,0.0389824626126233,1.0
adaptive_band_score,54,177,175,0.006825590400121461,0.0733411545606764,0.05480993588110079,0.8757062146892656,0.038263564241085096,0.9257142857142857
adaptive_volatility_band_score,70,161,159,0.010730222733609376,0.08867883330322064,0.1576070064760119,0.9813664596273292,0.03814967465336452,0.9622641509433962
adaptive_band_score,35,196,194,0.009427470007796016,0.05199143393673786,0.07094179046023211,0.7397959183673469,0.03629347195744031,0.8969072164948454
adaptive_band_score,29,202,200,0.010959706259363279,0.04629748119039502,0.09739127707634072,0.7722772277227723,0.036053180563194814,0.86
adaptive_band_score,90,141,139,-0.0074042154718873595,0.10488201440585358,0.07776916695893776,1.0,0.0354160782211124,0.9928057553956835
adaptive_band_score,46,185,183,-0.004535568988144522,0.05452190368988262,0.03412992174927676,0.8162162162162162,0.034597286467987855,0.907103825136612
adaptive_band_score,44,187,185,-0.005877093965847042,0.05095774643438286,0.043226272988684915,0.786096256684492,0.034344513257655834,0.8972972972972973
adaptive_volatility_band_score,123,108,106,0.012391014603499792,0.1579939528182436,0.21368815149526957,1.0,0.03219500185910826,1.0
adaptive_band_score,89,142,140,-0.008601665126285695,0.1023877681291544,0.08879286026354136,1.0,0.03216205872305053,0.9928571428571429
adaptive_volatility_band_score,72,159,157,0.009698482947465168,0.09104429400548952,0.14579821289273848,0.9874213836477987,0.03148489463968525,0.9681528662420382
adaptive_band_score,33,198,196,0.01558036433022999,0.05500401117044954,0.12250685954034674,0.7272727272727273,0.031213183544542857,0.8979591836734694
adaptive_band_score,11,220,218,-0.001040999543506333,0.01237486560193665,0.014052151760583591,0.6181818181818182,0.03102755658966749,0.7293577981651376
adaptive_band_score,112,119,117,-0.006806721187208085,0.13547733731900705,0.09103282456759255,1.0,0.030797611300949743,1.0
adaptive_band_score,87,144,142,-0.00786645681457059,0.10026203002348963,0.07807293809128256,1.0,0.030018601386098857,0.9859154929577465
fear_greed_candle_volume_score,27,204,202,0.008382237083389563,0.03425460521569532,0.01983431778974375,0.7647058823529411,0.029369897962645504,0.8613861386138614
adaptive_band_score,50,181,179,0.0012276223473495676,0.0642101817288225,0.009689026669226601,0.856353591160221,0.029351298915622756,0.9273743016759777
ma_crossover_score,10,221,219,-0.007611238886416896,0.013780409859576138,0.1194565615795909,0.6289592760180995,0.029294363803656277,0.726027397260274
adaptive_band_score,51,180,178,0.003509476108147752,0.06730650493504364,0.027752597187303545,0.8666666666666667,0.029191779078340366,0.9438202247191011
ma_crossover_score,11,220,218,-0.00549780389282338,0.014632505060774154,0.08302638520495872,0.6181818181818182,0.028844170275931256,0.7293577981651376
adaptive_volatility_band_score,68,163,161,0.009333909045797891,0.08596077511947016,0.1337151259320408,0.9693251533742331,0.028747404177507044,0.9565217391304348
adaptive_band_score,113,118,116,-0.005603329408498563,0.13773173120759344,0.07466149727617451,1.0,0.02866112732649642,1.0
fear_greed_candle_volume_score,10,221,219,-0.0013486014933613455,0.011910597812836774,0.0043412994847264125,0.6289592760180995,0.02856968056977674,0.726027397260274
adaptive_band_score,26,205,203,0.010797502052480147,0.042504291464066216,0.10445026734717466,0.7658536585365854,0.028397959303013986,0.8522167487684729
fear_greed_candle_volume_score,12,219,217,0.0030153976649896588,0.014654964975269144,0.009062082876253236,0.6712328767123288,0.027244735623051995,0.7235023041474654
ma_crossover_score,6,225,223,-0.011153413189141157,0.009541290339373289,0.22415957240451287,0.6311111111111111,0.027191749022882978,0.5605381165919282
fear_greed_candle_volume_score,16,215,213,0.010988420400009132,0.020367098298119498,0.03014668888241447,0.6976744186046512,0.02587275223003344,0.7511737089201878
ma_crossover_score,9,222,220,-0.009369336959118277,0.012834764466492782,0.15384324264789037,0.6306306306306306,0.02562928975479787,0.7
adaptive_band_score,47,184,182,-0.003993473289264076,0.05615364337733465,0.030374940935784092,0.8315217391304348,0.025199138611718106,0.9010989010989011
fear_greed_candle_volume_score,22,209,207,0.006479063039313292,0.028247076700400123,0.016915858421875988,0.7320574162679426,0.024827940299381134,0.7922705314009661
adaptive_band_score,1,230,228,-0.0004083130584178882,0.000733535336110375,0.01705873104819834,0.5652173913043478,0.02467001718547004,0.5921052631578947
adaptive_volatility_band_score,125,106,104,0.011132898769175314,0.16054952366050157,0.1825405887894679,1.0,0.02356912071919258,1.0
adaptive_band_score,16,215,213,-0.0056328397567621665,0.015265500568773908,0.06176930008330842,0.6976744186046512,0.02297050205475071,0.7511737089201878
ma_crossover_score,8,223,221,-0.010677072590362695,0.011874600147585013,0.1854601955198972,0.6233183856502242,0.022529776789532517,0.7149321266968326
ma_crossover_score,12,219,217,-0.0027119789827897835,0.015292186431635406,0.03970874307095299,0.6712328767123288,0.021911503283612608,0.7235023041474654
fear_greed_candle_volume_score,14,217,215,0.023122926507739727,0.017696268326710847,0.0655898883174831,0.7096774193548387,0.021569432316636317,0.7534883720930232
ma_crossover_score,7,224,222,-0.011349142194865564,0.010821678890740373,0.21169711713647082,0.6473214285714286,0.020469972049616585,0.6396396396396397
adaptive_band_score,107,124,122,-0.011111823853831004,0.12574734368355206,0.1350679955337751,1.0,0.020256146070644753,1.0
fear_greed_candle_volume_score,18,213,211,0.006163697045867876,0.022983137169307256,0.01667465551088884,0.7183098591549296,0.019980524064339943,0.7867298578199052
fear_greed_candle_volume_score,20,211,209,0.01486637003273789,0.02580221606675987,0.03964986801159082,0.7298578199052133,0.01847856483946311,0.7894736842105263
adaptive_band_score,86,145,143,-0.0024982398221591235,0.1037007216936275,0.024549029746044726,1.0,0.01806774049376097,0.986013986013986
adaptive_band_score,70,161,159,-0.007824834787071577,0.08088431831818019,0.07127238144637146,0.9813664596273292,0.017847495264390507,0.9622641509433962
adaptive_volatility_band_score,42,189,187,0.011784222358637035,0.05448536859575154,0.1458433408494795,0.798941798941799,0.017367618175773966,0.8877005347593583
fear_greed_candle_volume_score,9,222,220,0.01759871936949456,0.010718395692021177,0.05922214432248269,0.6306306306306306,0.017360453452005587,0.6954545454545454
adaptive_band_score,17,214,212,-0.005633456000587437,0.01658919151426,0.06133464433791202,0.705607476635514,0.017239053465154912,0.7547169811320755
fear_greed_candle_volume_score,15,216,214,0.01896080972870507,0.019084093046201338,0.05296836648914078,0.6944444444444444,0.01688614137153242,0.7570093457943925
fear_greed_candle_volume_score,21,210,208,0.016814957839121073,0.027094228320137807,0.04436667676264568,0.7380952380952381,0.016268787873144012,0.7788461538461539
adaptive_band_score,25,206,204,0.007736894095674763,0.0385246962652489,0.07630026506867083,0.7621359223300971,0.01529461269470672,0.8431372549019608
adaptive_volatility_band_score,67,164,162,0.008981130168676594,0.08448716232963802,0.12655832425471553,0.9695121951219512,0.015105092094513222,0.9629629629629629
fear_greed_candle_volume_score,13,218,216,0.011463893736797051,0.01612242845674109,0.03332863182500473,0.6880733944954128,0.01502127437957247,0.7175925925925926
adaptive_volatility_band_score,41,190,188,0.0121289235285144,0.05327670097759246,0.15042080134409722,0.8157894736842105,0.014964769265766066,0.898936170212766
adaptive_band_score,28,203,201,0.010863230329081663,0.04501412418901209,0.09953909612025942,0.7881773399014779,0.014860032675312274,0.8507462686567164
adaptive_band_score,71,160,158,-0.006887414991188049,0.08301044755006924,0.06354025353617207,0.9875,0.01484106688618571,0.9620253164556962
adaptive_band_score,77,154,152,0.00211616760720993,0.09715524103532157,0.019033833568858592,0.9935064935064936,0.01462348907458089,0.9605263157894737
adaptive_band_score,39,192,190,0.0015588667106826175,0.05070930734462247,0.011347314152425843,0.8072916666666666,0.013103145803664435,0.9052631578947369
adaptive_band_score,88,143,141,-0.009263719174383303,0.10028252406913182,0.09406009292140383,1.0,0.012663396226989102,0.9929078014184397
adaptive_band_score,108,123,121,-0.012814777908851471,0.12562687777219037,0.16041651946943522,1.0,0.01162415056030292,1.0
adaptive_band_score,40,191,189,-0.0005195875685247705,0.05029607537458686,0.0037650378089740684,0.806282722513089,0.010381498760582803,0.8888888888888888
adaptive_band_score,74,157,155,-0.0011562079034122784,0.09126787892918524,0.01098023616450459,0.9936305732484076,0.010369183008530018,0.9806451612903225
adaptive_band_score,85,146,144,-0.0007070789302024493,0.10392124837837297,0.0068691574278036465,1.0,0.010063149189741624,0.9791666666666666
adaptive_band_score,75,156,154,-0.001321308488875779,0.09217156560863067,0.012729219691416147,0.9935897435897436,0.009067366695280472,0.974025974025974
adaptive_volatility_band_score,3,228,226,0.0012826889780769614,0.003474462072068151,0.055052385221435275,0.5964912280701754,0.00812729843643911,0.6017699115044248
fear_greed_candle_volume_score,23,208,206,0.0042316841734606325,0.029423769624302362,0.010892100533711958,0.7644230769230769,0.007664670870440572,0.8252427184466019
adaptive_band_score,27,204,202,0.010470857778946959,0.043424849945980296,0.09868668388097199,0.7647058823529411,0.007629663636796213,0.8613861386138614
adaptive_band_score,84,147,145,-0.002257434341877371,0.10136896554254785,0.021697888103121385,1.0,0.007165100066643717,0.9724137931034482
ma_crossover_score,16,215,213,0.00978869394549292,0.017922020249794602,0.1302901354097313,0.6976744186046512,0.006655997700388449,0.7511737089201878
adaptive_band_score,72,159,157,-0.003942357235275971,0.08673845720513175,0.03677432617444195,0.9874213836477987,0.006439663566731881,0.9681528662420382
adaptive_volatility_band_score,2,229,227,-1.0894372341413184e-05,0.002204888795224271,0.0005600878229690287,0.5764192139737991,0.006406144270065676,0.5991189427312775
adaptive_volatility_band_score,15,216,214,0.007629407115788407,0.019648665377669176,0.15458660195524307,0.6944444444444444,0.005879751943423769,0.7570093457943925
adaptive_band_score,73,158,156,-0.0027497828764206397,0.08877723840401057,0.02597683635162726,1.0,0.00581640848701022,0.9615384615384616
adaptive_volatility_band_score,13,218,216,0.006061736744938647,0.016603143411896885,0.1289011351735623,0.6880733944954128,0.00536962762678468,0.7175925925925926
ma_crossover_score,15,216,214,0.0069890697826681895,0.017226027949709927,0.09481331793423962,0.6944444444444444,0.0050184377905925105,0.7570093457943925
adaptive_volatility_band_score,18,213,211,0.003943402822740776,0.023294689960405384,0.07700076915429645,0.7183098591549296,0.004904911299673291,0.7867298578199052
adaptive_band_score,48,183,181,-0.0013094422932900497,0.05967672264763478,0.01006462024249328,0.8360655737704918,0.004569173919404648,0.8784530386740331
adaptive_band_score,76,155,153,0.0017417144209259632,0.09583180915801177,0.01639905323190738,1.0,0.004164051868824554,0.9738562091503268
ma_crossover_score,17,214,212,0.01154696979934969,0.018823609264876844,0.15262495592274572,0.705607476635514,0.0031735833107919965,0.7547169811320755
adaptive_band_score,24,207,205,0.005780340819292491,0.03565389192422947,0.05830577255274067,0.7632850241545893,0.0020817926515489028,0.824390243902439
adaptive_band_score,12,219,217,-0.0011079650605665633,0.013660265441624646,0.014497800565094431,0.6712328767123288,0.00151673791327043,0.7235023041474654
adaptive_volatility_band_score,17,214,212,0.006351620035470828,0.022207179189599382,0.12535742231625274,0.705607476635514,0.0012948686711146834,0.7547169811320755
adaptive_band_score,69,162,160,-0.00724306146475067,0.08015281794154833,0.06494328319217084,0.9753086419753086,0.0010621974031121972,0.9625
ma_crossover_score,14,217,215,0.003731380414097297,0.016578556342753497,0.05147192976670347,0.7096774193548387,0.00037001614052629934,0.7581395348837209
adaptive_volatility_band_score,12,219,217,0.005157262155634317,0.01511528628077246,0.1134700277699065,0.6712328767123288,0.00026658449666134627,0.7235023041474654
adaptive_band_score,18,213,211,-0.004240588506324956,0.019166041016614434,0.04583809802709407,0.7183098591549296,6.13402265143226e-05,0.7867298578199052
fear_greed_candle_volume_score,129,102,100,0.0,0.16502875123330596,-7.277941376391358e-16,1.0,1.2451483966334732e-15,1.0
fear_greed_candle_volume_score,124,107,105,0.0,0.15846291357265907,-3.4192925831356137e-16,1.0,1.060430398627468e-15,1.0
fear_greed_candle_volume_score,128,103,101,0.0,0.16359977671615303,-6.338575124942606e-16,1.0,7.249336707461216e-16,1.0
fear_greed_candle_volume_score,117,114,112,0.0,0.1475427663279541,,1.0,4.924967530273855e-16,1.0
fear_greed_candle_volume_score,127,104,102,0.0,0.162256383628183,2.6513560647238783e-16,1.0,0.0,1.0
fear_greed_candle_volume_score,119,112,110,0.0,0.15073478034424578,,1.0,-1.3431426401828016e-16,1.0
fear_greed_candle_volume_score,123,108,106,0.0,0.15704741141590967,1.7860509970958797e-15,1.0,-3.5449762141603557e-16,1.0
fear_greed_candle_volume_score,130,101,99,0.0,0.16650337973730278,5.337982433539019e-16,1.0,-8.573413523000882e-16,1.0
fear_greed_candle_volume_score,125,106,104,0.0,0.15980662086432704,6.997988125166547e-16,1.0,-1.0166016488944654e-15,1.0
adaptive_volatility_band_score,36,195,193,0.012295594753192066,0.046403772271249984,0.15852235894052832,0.7333333333333333,-0.0015170383798562585,0.8860103626943006
adaptive_volatility_band_score,64,167,165,0.010568770281333248,0.08059305376042954,0.14511828072474336,0.9580838323353293,-0.0027669636625447334,0.9636363636363636
adaptive_volatility_band_score,66,165,163,0.009507549254053121,0.08313486931903326,0.13209644268063567,0.9696969696969697,-0.003049187913885111,0.9631901840490797
adaptive_band_score,111,120,118,-0.006037176891891236,0.13492969876508817,0.08023244156575868,1.0,-0.0034944694603503837,1.0
ma_crossover_score,18,213,211,0.01226696001154827,0.01997524984807557,0.160888678442706,0.7183098591549296,-0.003564086378892074,0.7867298578199052
adaptive_band_score,109,122,120,-0.01318149848189229,0.1265776364790646,0.1679731229206617,1.0,-0.004021726345996428,1.0
adaptive_band_score,13,218,216,-0.0020942601126405767,0.014190360487631455,0.026504765222348355,0.6880733944954128,-0.005764935119687732,0.7175925925925926
adaptive_band_score,10,221,219,-0.0012164240509027423,0.010859566013184208,0.01705613177786397,0.6289592760180995,-0.0068513556532214595,0.726027397260274
adaptive_volatility_band_score,55,176,174,0.008408369864085103,0.06922305873144001,0.11368906715629794,0.875,-0.007528291447253761,0.9252873563218391
adaptive_volatility_band_score,62,169,167,0.011939594407880534,0.07802550181132582,0.16130130808187257,0.9467455621301775,-0.007654689162207835,0.9700598802395209
adaptive_volatility_band_score,56,175,173,0.010308552969873578,0.07062505325588084,0.13956212425077835,0.8685714285714285,-0.008668302607721405,0.930635838150289
ma_crossover_score,13,218,216,0.0003765699205783571,0.015925351684925534,0.005330969087089566,0.6880733944954128,-0.010114562630966235,0.7175925925925926
ma_crossover_score,19,212,210,0.011918691806674049,0.021413213581043807,0.15494466757397315,0.7264150943396226,-0.010753390928069916,0.780952380952381
adaptive_band_score,83,148,146,-0.004670557695416495,0.09804513948112027,0.044380271943179256,1.0,-0.011244830009591247,0.9794520547945206
adaptive_volatility_band_score,63,168,166,0.011185992524840586,0.07928038988271761,0.15206269232010522,0.9523809523809523,-0.012164415243243324,0.9698795180722891
adaptive_volatility_band_score,19,212,210,0.0046047041806656025,0.024760295287770823,0.08880190610111743,0.7264150943396226,-0.012515662142103841,0.780952380952381
fear_greed_candle_volume_score,17,214,212,0.009689924893071149,0.021676717950416202,0.0263990362379859,0.705607476635514,-0.012708988294559524,0.7547169811320755
adaptive_band_score,49,182,180,-0.0013839880656296279,0.06074897169496819,0.010823388308710132,0.8571428571428571,-0.013561810153079853,0.9
adaptive_volatility_band_score,39,192,190,0.013108608639468694,0.050630921201722974,0.16434602518818928,0.8072916666666666,-0.013754709081001074,0.9052631578947369
adaptive_band_score,15,216,214,-0.0017234292759233086,0.017378017450994987,0.019247352132637303,0.6944444444444444,-0.01413360930706098,0.7570093457943925
adaptive_volatility_band_score,37,194,192,0.011938014111134909,0.04774734846677722,0.1521489780382771,0.7731958762886598,-0.014583131499643368,0.8854166666666666
adaptive_volatility_band_score,16,215,213,0.007917514102380448,0.021023039496475125,0.15749686050275288,0.6976744186046512,-0.015110484511443298,0.7511737089201878
adaptive_volatility_band_score,5,226,224,0.0017589652947542845,0.005873882151077741,0.05764135510104167,0.6106194690265486,-0.015396190538029706,0.6741071428571429
adaptive_volatility_band_score,44,187,185,0.012356665380947303,0.057202695686648354,0.15468497809805762,0.786096256684492,-0.01594531341285704,0.8972972972972973
ma_crossover_score,20,211,209,0.0105031330019567,0.02307550743226633,0.13468097262307188,0.7298578199052133,-0.016969568853832648,0.7894736842105263
adaptive_volatility_band_score,14,217,215,0.006649002121978979,0.018098124320252602,0.13741954696599237,0.7096774193548387,-0.018133840181928172,0.7581395348837209
adaptive_volatility_band_score,43,188,186,0.01300845653662466,0.0559322922806363,0.16231688953291434,0.776595744680851,-0.018222130509270837,0.8870967741935484
adaptive_volatility_band_score,35,196,194,0.010077126356264648,0.04475357399035925,0.1315491147740963,0.7397959183673469,-0.01835310133848265,0.8969072164948454
adaptive_volatility_band_score,54,177,175,0.007827228618535584,0.06814617583952456,0.10540909274849347,0.8757062146892656,-0.018805923835639754,0.9257142857142857
adaptive_volatility_band_score,11,220,218,0.0042359709563656,0.01368669162081413,0.0961294033052632,0.6181818181818182,-0.019551246806539548,0.7293577981651376
adaptive_volatility_band_score,65,166,164,0.01034794667667901,0.08193186246011681,0.1431127562292801,0.963855421686747,-0.019616857890289097,0.9573170731707317
adaptive_volatility_band_score,61,170,168,0.013097450747718573,0.07679862821008782,0.17556366938703463,0.9470588235294117,-0.019809484764205392,0.9642857142857143
adaptive_volatility_band_score,46,185,183,0.012403631320823337,0.05967403060978245,0.1578699476426525,0.8162162162162162,-0.019866397367642178,0.907103825136612
adaptive_band_score,20,211,209,-0.0005332248840297748,0.025189180104368734,0.005680321600918871,0.7298578199052133,-0.020266802737732573,0.7894736842105263
adaptive_band_score,19,212,210,-0.0028142763149368905,0.021811851105176867,0.030214685432997598,0.7264150943396226,-0.020481734510832673,0.780952380952381
fear_greed_candle_volume_score,29,202,200,-0.006593829051231024,0.03656043518857515,0.014716606542994972,0.7722772277227723,-0.020794582155489877,0.86
fear_greed_candle_volume_score,37,194,192,-0.008412190529397718,0.04644636153996936,0.015594918341219753,0.7731958762886598,-0.02105742675179457,0.8854166666666666
fear_greed_candle_volume_score,28,203,201,-0.0011437156511717552,0.035409945200714506,0.0026315842350077313,0.7881773399014779,-0.021123758260259824,0.8507462686567164
fear_greed_candle_volume_score,36,195,193,-0.008459680449331847,0.045018885902432776,0.015817499730350123,0.7333333333333333,-0.02151655837335064,0.8860103626943006
adaptive_band_score,68,163,161,-0.012023138480631647,0.07470740323740314,0.1055879633525525,0.9693251533742331,-0.021729063821506616,0.9565217391304348
adaptive_volatility_band_score,45,186,184,0.012557758583311105,0.05849653600831757,0.15799795162920868,0.7956989247311828,-0.02204587267647756,0.9021739130434783
adaptive_volatility_band_score,34,197,195,0.010465924961515324,0.04355794283130676,0.1392113192994455,0.7411167512690355,-0.023009046176736228,0.8717948717948718
adaptive_volatility_band_score,26,205,203,0.0029037368682447674,0.033239180519438846,0.04977325610223229,0.7658536585365854,-0.023300822937479416,0.8522167487684729
adaptive_volatility_band_score,52,179,177,0.007548207766249806,0.06600602060080464,0.10083921933168183,0.8547486033519553,-0.024990263860982635,0.943502824858757
ma_crossover_score,21,210,208,0.008663458656495723,0.024761039957569154,0.10875494355130895,0.7380952380952381,-0.02531746259615931,0.7788461538461539
adaptive_volatility_band_score,60,171,169,0.013268010621080177,0.07567210772472653,0.17675229064905132,0.9415204678362573,-0.025683408182192186,0.9644970414201184
adaptive_band_score,21,210,208,0.0005061814262641435,0.027381987619189748,0.005333499481241604,0.7380952380952381,-0.02582502428608525,0.7788461538461539
adaptive_volatility_band_score,29,202,200,0.003775707664883623,0.037026323900879544,0.05903302577645804,0.7722772277227723,-0.025894042068424473,0.86
adaptive_volatility_band_score,31,200,198,0.007510612278270659,0.039810508880309355,0.10955210557274625,0.755,-0.027673887149367346,0.8888888888888888
adaptive_volatility_band_score,57,174,172,0.0113807597266917,0.07193438057292312,0.15301304857872253,0.8850574712643678,-0.02810349390739559,0.9418604651162791
adaptive_band_score,9,222,220,0.0005974410290403615,0.011082391172621008,0.008758702248303198,0.6306306306306306,-0.028920843671411314,0.7
adaptive_volatility_band_score,4,227,225,0.0013337677292410365,0.0046636326909029,0.049196631721117115,0.6123348017621145,-0.029158653821780758,0.6355555555555555
fear_greed_candle_volume_score,11,220,218,0.0026081776334415923,0.013307883950573274,0.008084497531757712,0.6181818181818182,-0.02932309943415267,0.7293577981651376
adaptive_volatility_band_score,47,184,182,0.010014986484282437,0.06059297813280324,0.12886457335642218,0.8315217391304348,-0.029380349139306157,0.9010989010989011
adaptive_volatility_band_score,50,181,179,0.008089648994947306,0.06386278307193757,0.10682787354526387,0.856353591160221,-0.02982671340304802,0.9273743016759777
adaptive_band_score,14,217,215,-0.0027151965853555713,0.01509551435162453,0.03246874143755987,0.7096774193548387,-0.030514496532155218,0.7581395348837209
adaptive_volatility_band_score,30,201,199,0.005343399839979829,0.03841603089474056,0.08065045329737187,0.7512437810945274,-0.03158385044505499,0.8793969849246231
fear_greed_candle_volume_score,19,212,210,0.0056464902422282085,0.024358428695515102,0.015174844168328648,0.7264150943396226,-0.0326401052976148,0.780952380952381
adaptive_volatility_band_score,53,178,176,0.008154148818582774,0.06714709998453242,0.10941878866312642,0.8707865168539326,-0.03329466218261589,0.9318181818181818
adaptive_volatility_band_score,48,183,181,0.008901301279874678,0.061623665773028656,0.11523451905427429,0.8360655737704918,-0.03333434298079596,0.8784530386740331
adaptive_band_score,23,208,206,0.0020857335334818184,0.03122636194098292,0.021430789004317708,0.7644230769230769,-0.033667370347314256,0.8252427184466019
adaptive_band_score,110,121,119,-0.008067836511916995,0.13218693504622928,0.10544754670639628,1.0,-0.03473784185144999,1.0
ma_crossover_score,22,209,207,0.006293795000944211,0.026575186576646054,0.07723351487889386,0.7320574162679426,-0.034855889028470394,0.7922705314009661
adaptive_volatility_band_score,28,203,201,0.0032892043004793987,0.035757722738052306,0.05317656773868354,0.7881773399014779,-0.03519316830938685,0.8507462686567164
adaptive_volatility_band_score,49,182,180,0.008877681543020158,0.06278968125856169,0.11668174643963843,0.8571428571428571,-0.03572068525234208,0.9
adaptive_volatility_band_score,40,191,189,0.013202569361490673,0.05209681314426746,0.16436898295575583,0.806282722513089,-0.03659444609247672,0.8888888888888888
adaptive_volatility_band_score,21,210,208,0.005130874936479747,0.027447192793697762,0.09699946585541351,0.7380952380952381,-0.03685287472570485,0.7788461538461539
adaptive_volatility_band_score,59,172,170,0.01104576762343001,0.0741807969617289,0.1474382754597887,0.9244186046511628,-0.03688100632216555,0.9647058823529412
adaptive_volatility_band_score,58,173,171,0.011781049773939768,0.07317469560721594,0.15757105178081363,0.9017341040462428,-0.037553458601604216,0.9590643274853801
adaptive_volatility_band_score,38,193,191,0.01277885448218196,0.04911498140132796,0.16074971726298917,0.7979274611398963,-0.038392150957909356,0.9162303664921466
adaptive_band_score,82,149,147,-0.001809833590549525,0.09937416074786859,0.01713175154398033,1.0,-0.039473693286987015,0.9727891156462585
adaptive_volatility_band_score,24,207,205,0.00397196796535946,0.030969216546199226,0.07143701288710569,0.7632850241545893,-0.03973727365148605,0.824390243902439
adaptive_volatility_band_score,22,209,207,0.0038502502508683373,0.028590242256559064,0.0716014104955483,0.7320574162679426,-0.040324404337027796,0.7922705314009661
adaptive_volatility_band_score,20,211,209,0.005352105384492242,0.026183785020381427,0.10240107133441853,0.7298578199052133,-0.04168442120614959,0.7894736842105263
adaptive_band_score,78,153,151,-0.0005592937937345389,0.09581241585648007,0.00510486643357469,0.9869281045751634,-0.04250841297649026,0.9668874172185431
fear_greed_candle_volume_score,35,196,194,-0.006097771786320836,0.04364353928549484,0.011538571617187039,0.7397959183673469,-0.04288601987067991,0.8969072164948454
adaptive_volatility_band_score,6,225,223,0.002925641334679415,0.00715325569075896,0.08859887430585306,0.6044444444444445,-0.04295531782809938,0.6860986547085202
ma_crossover_score,23,208,206,0.0037872470624351865,0.02839448032232623,0.045188593128569605,0.7644230769230769,-0.04391197360387953,0.8252427184466019
adaptive_volatility_band_score,25,206,204,0.0036151402305453742,0.03206292170826559,0.06332748134814922,0.7621359223300971,-0.04398442999183987,0.8431372549019608
adaptive_volatility_band_score,23,208,206,0.004099267766471054,0.029809789229567212,0.07513530354057861,0.7644230769230769,-0.044507227998821446,0.8252427184466019
adaptive_volatility_band_score,7,224,222,0.003185280280987583,0.008392891890673031,0.08958713724250585,0.625,-0.04611725775695478,0.7027027027027027
adaptive_volatility_band_score,33,198,196,0.00918566697854464,0.04228572660745405,0.12577018617594718,0.7272727272727273,-0.046457180998464784,0.8979591836734694
adaptive_volatility_band_score,32,199,197,0.008982940936565645,0.041123025877774576,0.1270044366231012,0.7286432160804021,-0.047776389913509854,0.8934010152284264
fear_greed_candle_volume_score,64,167,165,-0.024800548593565154,0.07922961500601024,0.05288418601788032,0.9580838323353293,-0.04798446688486746,0.9636363636363636
fear_greed_candle_volume_score,34,197,195,-0.002021553079764002,0.04245209517654573,0.0038977699024421246,0.7411167512690355,-0.048075319746035065,0.8717948717948718
adaptive_band_score,58,173,171,-0.0032022440663662805,0.06911756653574566,0.025703185752341665,0.9017341040462428,-0.04815354563602963,0.9590643274853801
adaptive_volatility_band_score,51,180,178,0.008065384196255087,0.06498682300804709,0.10712572359437084,0.8666666666666667,-0.04917465874819638,0.9438202247191011
fear_greed_candle_volume_score,38,193,191,-0.012127564983552802,0.04774899561741988,0.02228682011873599,0.7979274611398963,-0.05115077122691435,0.9162303664921466
fear_greed_candle_volume_score,63,168,166,-0.025786062421144368,0.07784521638956396,0.05443967993028476,0.9523809523809523,-0.05283819593777253,0.9698795180722891
adaptive_band_score,57,174,172,-0.0012186425203703035,0.06969780514848886,0.009794198465930463,0.8850574712643678,-0.053083427332287075,0.9418604651162791
ma_crossover_score,24,207,205,0.0008573761231294439,0.030319693973510642,0.009854623084214257,0.7632850241545893,-0.05491327278454489,0.824390243902439
fear_greed_candle_volume_score,66,165,163,-0.03336420546625982,0.08179521090146116,0.07236135521582122,0.9696969696969697,-0.05794687986043719,0.9631901840490797
adaptive_band_score,79,152,150,-0.0032927294304317613,0.09459672601404884,0.030464269730386923,0.993421052631579,-0.05819416349536537,0.9666666666666667
adaptive_band_score,59,172,170,-0.005603404532657104,0.06817972836413741,0.04508550503706658,0.9244186046511628,-0.058541539764711416,0.9647058823529412
adaptive_band_score,67,164,162,-0.009573370909904313,0.07537926872824863,0.08270304109468768,0.9695121951219512,-0.059273745016647554,0.9629629629629629
fear_greed_candle_volume_score,48,183,181,-0.019638272090451277,0.06060335633737953,0.038063706844977424,0.8360655737704918,-0.05963790585369568,0.8784530386740331
adaptive_band_score,130,101,99,0.001280131478551862,0.16760195512177706,0.012169924047663297,1.0,-0.06016803849508602,1.0
fear_greed_candle_volume_score,62,169,167,-0.03421308076265145,0.07640113478620084,0.07176542035104108,0.9467455621301775,-0.060892488621515056,0.9700598802395209
fear_greed_candle_volume_score,65,166,164,-0.02755530629013912,0.0805302624876583,0.05924146297670655,0.963855421686747,-0.06096046154388868,0.9573170731707317
adaptive_volatility_band_score,27,204,202,0.0029726866493022205,0.03447510726846228,0.04942513765208341,0.7647058823529411,-0.06195544013936877,0.8613861386138614
adaptive_volatility_band_score,10,221,219,0.004281649464059311,0.012317731653510439,0.10108711222561759,0.6289592760180995,-0.06265054255409677,0.726027397260274
fear_greed_candle_volume_score,39,192,190,-0.005426778344321724,0.049286645437998516,0.009941897730425843,0.8072916666666666,-0.06277770318181644,0.9052631578947369
fear_greed_candle_volume_score,40,191,189,-0.008681952010944367,0.05066017581880643,0.01583674523536371,0.806282722513089,-0.06325859872888917,0.8888888888888888
fear_greed_candle_volume_score,49,182,180,-0.023679479534950428,0.06169401179262891,0.046709203249606104,0.8571428571428571,-0.06403279338169095,0.9
fear_greed_candle_volume_score,41,190,188,-0.018265748018648616,0.05190546857763338,0.03333621746935262,0.8157894736842105,-0.06489982292313244,0.898936170212766
fear_greed_candle_volume_score,31,200,198,-0.00025619180801053745,0.03895660559951739,0.0005371624081802221,0.755,-0.06533793032382754,0.8888888888888888
fear_greed_candle_volume_score,42,189,187,-0.017022076777203066,0.05321607500873466,0.03114117938692375,0.798941798941799,-0.06578623812322106,0.8877005347593583
fear_greed_candle_volume_score,61,170,168,-0.03332710324949562,0.0750386721079108,0.0692999670746366,0.9470588235294117,-0.06617436136140792,0.9642857142857143
fear_greed_candle_volume_score,47,184,182,-0.00931913347974717,0.05953569398276397,0.017870450885301998,0.8315217391304348,-0.06751634611852958,0.9010989010989011
fear_greed_candle_volume_score,30,201,199,-0.0016984175635618478,0.03780279085941471,0.0036826559211064597,0.7512437810945274,-0.06846399039950563,0.8793969849246231
adaptive_band_score,8,223,221,0.002003299184243641,0.011049608609902005,0.03104624252833485,0.6233183856502242,-0.0685352204839538,0.7149321266968326
adaptive_band_score,81,150,148,-0.0029022499410906633,0.09719242365927543,0.027328239945824444,1.0,-0.06869062468124094,0.9864864864864865
adaptive_band_score,80,151,149,-0.0037976097642921577,0.09532196531501813,0.035534020981287544,1.0,-0.06914960125822947,0.9731543624161074
adaptive_band_score,60,171,169,-0.007420103344876461,0.06778574117807779,0.060006337610620575,0.9415204678362573,-0.06996460642443403,0.9644970414201184
fear_greed_candle_volume_score,44,187,185,-0.005808374402360956,0.05603402058420968,0.010763104563423092,0.786096256684492,-0.0700379480958619,0.8972972972972973
fear_greed_candle_volume_score,60,171,169,-0.022455360270213033,0.07395523967184388,0.04618917624156621,0.9415204678362573,-0.07274058342562223,0.9644970414201184
fear_greed_candle_volume_score,50,181,179,-0.024363697354810435,0.06287276336429386,0.0485134101807568,0.856353591160221,-0.07305914247569908,0.9273743016759777
fear_greed_candle_volume_score,45,186,184,-0.010872745225915312,0.05718150233199357,0.020384084490895422,0.7956989247311828,-0.07427717043379022,0.9021739130434783
fear_greed_candle_volume_score,58,173,171,-0.022607401731980805,0.07163701134504079,0.046131435015332685,0.9017341040462428,-0.07453074048477458,0.9590643274853801
adaptive_band_score,66,165,163,-0.00701474516093185,0.07615284044769641,0.059719112764289435,0.9696969696969697,-0.07525661120735952,0.9631901840490797
fear_greed_candle_volume_score,56,175,173,-0.03333403897246272,0.06920478434566962,0.06848232087511495,0.8685714285714285,-0.0753977714749314,0.930635838150289
fear_greed_candle_volume_score,51,180,178,-0.020799855005637236,0.06400983377962462,0.04174538753219663,0.8666666666666667,-0.0755955069955357,0.9438202247191011
fear_greed_candle_volume_score,57,174,172,-0.023435123351536753,0.07048761666552306,0.04787028130054246,0.8850574712643678,-0.07639186617200085,0.9418604651162791
adaptive_band_score,127,104,102,0.0006980519595571633,0.1628582894066211,0.006700020147707169,1.0,-0.07674802573182458,1.0
fear_greed_candle_volume_score,59,172,170,-0.019681138866464942,0.0728125401732943,0.040267801588707755,0.9244186046511628,-0.07905783001579396,0.9647058823529412
fear_greed_candle_volume_score,55,176,174,-0.02953940430331922,0.0680644860108769,0.06051529033666822,0.875,-0.07921094057021279,0.9252873563218391
adaptive_volatility_band_score,8,223,221,0.005066810237145828,0.009775459739382415,0.13276426850726525,0.6233183856502242,-0.08015987438458959,0.7149321266968326
fear_greed_candle_volume_score,43,188,186,-0.012355779919357575,0.054600618037003966,0.022789499119961705,0.776595744680851,-0.08247412328168276,0.8870967741935484
adaptive_band_score,65,166,164,-0.006661501274461716,0.0751144316109083,0.05623246224544018,0.963855421686747,-0.08260456211951904,0.9573170731707317
fear_greed_candle_volume_score,46,185,183,-0.012402391191055379,0.05834714927167747,0.023523609310652026,0.8162162162162162,-0.08397491801420098,0.907103825136612
fear_greed_candle_volume_score,54,177,175,-0.03104613985929253,0.06704276424333595,0.06331661032427871,0.8757062146892656,-0.08713894638370695,0.9257142857142857
fear_greed_candle_volume_score,52,179,177,-0.018144508868575816,0.0650815783032484,0.03669371320833607,0.8547486033519553,-0.08807134713497236,0.943502824858757
fear_greed_candle_volume_score,53,178,176,-0.026057605388939892,0.0660634631722514,0.05294760526634282,0.8707865168539326,-0.09028447309291379,0.9318181818181818
adaptive_band_score,61,170,168,-0.007639173837099714,0.06881470277370288,0.06243630184955409,0.9470588235294117,-0.09124792000533388,0.9642857142857143
adaptive_band_score,128,103,101,0.0009628670619333366,0.16442873571339447,0.009209205405666334,1.0,-0.09271045539388037,1.0
adaptive_volatility_band_score,9,222,220,0.004955135438919552,0.011008210446858423,0.1223785359336844,0.6306306306306306,-0.09412762182899932,0.7
adaptive_band_score,129,102,100,0.0008637603245339368,0.16577120879086485,0.008255236283921883,1.0,-0.09537733807344344,1.0
fear_greed_candle_volume_score,67,164,162,-0.014517584634266853,0.08344651771504889,0.03195919708773755,0.9695121951219512,-0.09724800572202051,0.9629629629629629
adaptive_band_score,126,105,103,0.0039804576661041065,0.1645055615833911,0.03866042046167592,1.0,-0.09849635323740671,1.0
adaptive_band_score,125,106,104,0.008314443767797147,0.16699748214123433,0.0814418247505756,1.0,-0.10566376804119436,1.0
adaptive_band_score,62,169,167,-0.005258756991283221,0.07225574355580598,0.043345938882638095,0.9467455621301775,-0.10672357830820468,0.9700598802395209
adaptive_band_score,7,224,222,0.002509980039107611,0.010294331168103056,0.04174179456171736,0.625,-0.11148805292633263,0.7027027027027027
fear_greed_candle_volume_score,68,163,161,-0.027983998880063417,0.08470775812969356,0.06264310062234013,0.9693251533742331,-0.11177008202381894,0.9565217391304348
fear_greed_candle_volume_score,69,162,160,-0.016012258002997156,0.08619634409624238,0.036624000462854245,0.9753086419753086,-0.11490125925708689,0.9625
adaptive_band_score,64,167,165,-0.007199296599855417,0.07330885987184015,0.06029293971596828,0.9580838323353293,-0.13078191435248643,0.9636363636363636
adaptive_band_score,63,168,166,-0.006201287614356938,0.07279133676493157,0.05143280278242307,0.9523809523809523,-0.13161451381179975,0.9698795180722891
adaptive_band_score,124,107,105,0.002830792874782498,0.16086182695113949,0.03040313019020979,1.0,-0.1350204397918194,1.0
fear_greed_candle_volume_score,71,160,158,-0.0011291806454369695,0.08891917908433901,0.002658891657728406,0.9875,-0.1462588594890332,0.9620253164556962
adaptive_band_score,118,113,111,0.0014219249882053754,0.1504328925671377,0.018584355374147835,1.0,-0.147524625512519,1.0
adaptive_band_score,123,108,106,0.00426577130503568,0.16066840194124252,0.04743290432030825,1.0,-0.1480667103163899,1.0
adaptive_band_score,121,110,108,0.0040910621831771335,0.15751766522258398,0.04895209361714188,1.0,-0.1505737046325921,1.0
fear_greed_candle_volume_score,70,161,159,-0.005995958156492685,0.08754562322306823,0.01393563347812924,0.9813664596273292,-0.150795940592066,0.9622641509433962
adaptive_band_score,122,109,107,0.004224104593521511,0.1591278941740931,0.04871375589880217,1.0,-0.16254006825703707,1.0
fear_greed_candle_volume_score,76,155,153,-0.0009684361385921797,0.09430995361059161,0.002434093705649885,1.0,-0.16389920515174047,0.9738562091503268
adaptive_band_score,4,227,225,0.0012293761133007597,0.005626100188099344,0.02666001513047946,0.6123348017621145,-0.16576239862539843,0.6355555555555555
fear_greed_candle_volume_score,78,153,151,-0.008701430546101504,0.09618968811440987,0.022690502598640205,0.9869281045751634,-0.16600813879634316,0.9668874172185431
fear_greed_candle_volume_score,77,154,152,-0.003864849453189374,0.09524554011197757,0.00992895685175822,0.9935064935064936,-0.1669181803562365,0.9605263157894737
adaptive_band_score,6,225,223,0.0013658845427445903,0.008074542711293287,0.024456552496610936,0.6044444444444445,-0.17111185542246116,0.6860986547085202
adaptive_band_score,5,226,224,0.0021186248743141544,0.007571355668350992,0.04096398351580939,0.6106194690265486,-0.1756164814756076,0.6741071428571429
ma_crossover_score,130,101,99,0.018803574019016212,0.16182247567307023,0.1926710435788572,1.0,-0.3216244082006799,1.0
ma_crossover_score,129,102,100,0.015291414374491686,0.16128251387104098,0.15801256517673395,1.0,-0.34958402880675477,1.0
ma_crossover_score,128,103,101,0.01082686477697236,0.16099810663298453,0.1124912971188098,1.0,-0.3729184013224884,1.0
ma_crossover_score,127,104,102,0.005650821175353165,0.16091918012981724,0.05907990869140714,1.0,-0.39118813810567343,1.0
ma_crossover_score,126,105,103,7.893471034058743e-05,0.1610496712204145,0.0008362663855087964,1.0,-0.40882946368534046,1.0
fear_greed_candle_volume_score,121,110,108,0.0,0.15403373300099438,-1.339792843736616e-17,1.0,,1.0
fear_greed_candle_volume_score,120,111,109,0.0,0.15228188258764586,-4.664161263753752e-16,1.0,,1.0
fear_greed_candle_volume_score,118,113,111,0.0,0.149226172775901,,1.0,,1.0
fear_greed_candle_volume_score,122,109,107,0.0,0.1555364147045177,,1.0,,1.0
fear_greed_candle_volume_score,126,105,103,0.0,0.16106813080996193,,1.0,,1.0
