Date,target_future_return,target_future_direction,adaptive_band_score,ma_crossover_score,adaptive_volatility_band_score,fear_greed_candle_volume_score,predicted_next_return__ols,predicted_next_direction__ols,long_short_strategy_return__ols,predicted_next_return__ridge,predicted_next_direction__ridge,long_short_strategy_return__ridge,predicted_next_return__lasso,predicted_next_direction__lasso,long_short_strategy_return__lasso,predicted_next_return__elastic_net,predicted_next_direction__elastic_net,long_short_strategy_return__elastic_net
2024-02-01,-0.010923796019116527,0.0,0.7254048709748045,-0.05062335701830206,-1.0,0,0.010956250029456589,1.0,-0.010923796019116527,0.010739742307809396,1.0,-0.010923796019116527,0.007207604123372679,1.0,-0.010923796019116527,0.0073580065047429265,1.0,-0.010923796019116527
2024-02-02,-0.005354965272254986,0.0,-1.0,-0.01750344863485402,0.695663578399359,0,0.008579914249211383,1.0,-0.005354965272254986,0.008499043385104672,1.0,-0.005354965272254986,0.007036162537442577,1.0,-0.005354965272254986,0.007169305406303523,1.0,-0.005354965272254986
2024-02-05,-0.002452417764034598,0.0,-1.0,-0.03845553213086629,0.40816889543631724,0,0.008680943064523486,1.0,-0.002452417764034598,0.008578413117004574,1.0,-0.002452417764034598,0.0071446187077166285,1.0,-0.002452417764034598,0.007288680167988174,1.0,-0.002452417764034598
2024-02-06,-0.021320604614160743,0.0,-1.0,-0.03507196585200703,0.445815359913185,0,0.00866121623702126,1.0,-0.021320604614160743,0.00856180242237783,1.0,-0.021320604614160743,0.007127104046678582,1.0,-0.021320604614160743,0.0072694022561633235,1.0,-0.021320604614160743
2024-02-07,-0.02164456233421752,0.0,-1.0,0.023034278129147042,0.3704713814436785,0,0.008041999107051681,1.0,-0.02164456233421752,0.007964729414577001,1.0,-0.02164456233421752,0.006826323425390722,1.0,-0.02164456233421752,0.006938341193479,1.0,-0.02164456233421752
2024-02-08,-0.014177242075081087,0.0,-1.0,0.03181853673772354,1.0,0,0.008197392718706314,1.0,-0.014177242075081087,0.008151323133882359,1.0,-0.014177242075081087,0.006780852670772719,1.0,-0.014177242075081087,0.0068882927685491,1.0,-0.014177242075081087
2024-02-09,-0.006716417910447747,0.0,-1.0,0.028500039041152173,1.0,0,0.008231084994066796,1.0,-0.006716417910447747,0.008183563745325606,1.0,-0.006716417910447747,0.006798030511406177,1.0,-0.006716417910447747,0.006907199951300384,1.0,-0.006716417910447747
2024-02-12,0.0019240019240018835,1.0,-1.0,0.07639051560346276,0.5484073902640949,0,0.007569410338203217,1.0,0.0019240019240018835,0.007523213701600304,1.0,0.0019240019240018835,0.00655013069363693,1.0,0.0019240019240018835,0.006634343353164056,1.0,0.0019240019240018835
2024-02-13,0.015986560450875098,1.0,-1.0,0.053356237474304624,0.16329774129280847,0,0.0076536548773849765,1.0,0.015986560450875098,0.00758064624922395,1.0,0.015986560450875098,0.006669365116857482,1.0,0.015986560450875098,0.006765581445202472,1.0,0.015986560450875098
2024-02-14,0.017026352890142205,1.0,-1.0,0.02954113635772511,-0.0090328805880376,0,0.007828494088980674,1.0,0.017026352890142205,0.007737578653891473,1.0,0.017026352890142205,0.006792641384932928,1.0,0.017026352890142205,0.006901268286123502,1.0,0.017026352890142205
2024-02-15,0.01594312183561364,1.0,-1.0,0.024400718357148327,0.31667851765703164,0,0.00800722667624967,1.0,0.01594312183561364,0.007928217047611224,1.0,0.01594312183561364,0.006819250196894586,1.0,0.01594312183561364,0.006930555882934346,1.0,0.01594312183561364
2024-02-16,0.0099817537834066,1.0,-1.0,0.03800005205486217,-1.0,0,0.007357609793180739,1.0,0.0099817537834066,0.007227330152567122,1.0,0.0099817537834066,0.006748854732337869,1.0,0.0099817537834066,0.006853073506561437,1.0,0.0099817537834066
2024-02-20,0.0028271190057076456,1.0,-1.0,0.010736316077146594,0.9014348982883823,0,0.008373144096281445,1.0,0.0028271190057076456,0.00831356882567376,1.0,0.0028271190057076456,0.006889982481855892,1.0,0.0028271190057076456,0.007008408988380822,1.0,0.0028271190057076456
2024-02-21,0.004587155963302836,1.0,-1.0,-0.008979464355440172,0.2472504116584161,0,0.008319157717579306,1.0,0.004587155963302836,0.008222528915862557,1.0,0.004587155963302836,0.006992039064442986,1.0,0.004587155963302836,0.007120739897667954,1.0,0.004587155963302836
2024-02-22,0.009330347622094282,1.0,-1.0,-0.0547877462845938,0.9388936865048708,0,0.009052954542780045,1.0,0.009330347622094282,0.0089663438749065,1.0,0.009330347622094282,0.007229160629265676,1.0,0.009330347622094282,0.007381733165450455,1.0,0.009330347622094282
2024-02-23,0.022638108366026755,1.0,-1.0,-0.1302673017360261,-1.0,0,0.009066006343812548,1.0,0.022638108366026755,0.008862118803395724,1.0,0.022638108366026755,0.0076198722985757195,1.0,0.022638108366026755,0.007811778890773814,1.0,0.022638108366026755
2024-02-26,0.04149840595111587,1.0,-1.0,-0.16416803310689554,0.4325113639929429,0,0.009966743057717137,1.0,0.04149840595111587,0.009810278517640564,1.0,0.04149840595111587,0.007795355729360715,1.0,0.04149840595111587,0.008004928738095832,1.0,0.04149840595111587
2024-02-27,0.04888297872340419,1.0,-1.0,-0.14653444730746573,0.3678073968680151,0,0.009762573326304298,1.0,0.04888297872340419,0.009611010685100495,1.0,0.04888297872340419,0.007704077399720177,1.0,0.04888297872340419,0.007904461159162528,1.0,0.04888297872340419
2024-02-28,0.05559095253265367,1.0,-1.0,-0.14712006454802345,1.0,0,0.010014133056771844,1.0,0.05559095253265367,0.009889787476410835,1.0,0.05559095253265367,0.007707108783361305,1.0,0.05559095253265367,0.007907797720824441,1.0,0.05559095253265367
2024-02-29,0.056151286250065935,1.0,-1.0,-0.14282553811717813,0.6016123351567373,0,0.009815753138300028,1.0,0.056151286250065935,0.009675973422063057,1.0,0.056151286250065935,0.007684878636659244,1.0,0.056151286250065935,0.007883329601969904,1.0,0.056151286250065935
2024-03-01,0.04531079890092804,1.0,1.0,-0.07255146924859937,-1.0,0,0.011608401817055471,1.0,0.04531079890092804,0.01137474853467969,1.0,0.04531079890092804,0.007321112599715392,1.0,0.04531079890092804,0.007482942202530893,1.0,0.04531079890092804
2024-03-04,0.03055966532319787,1.0,1.0,0.0018869888862822017,-1.0,0,0.0108526378364201,1.0,0.03055966532319787,0.010651547368187738,1.0,0.03055966532319787,0.006935790056878484,1.0,0.03055966532319787,0.00705882814238429,1.0,0.03055966532319787
2024-03-05,0.01318525280186611,1.0,-0.41553794145907513,0.07645558418572847,-0.7009577869594085,0,0.007997565863801839,1.0,0.01318525280186611,0.007881027348189356,1.0,0.01318525280186611,0.006549793873232456,1.0,0.01318525280186611,0.006633972624090615,1.0,0.01318525280186611
2024-03-06,0.01197122881142798,1.0,-1.0,0.24784622992634664,-1.0,0,0.005227068851267349,1.0,0.01197122881142798,0.005188585605419919,1.0,0.01197122881142798,0.0056626089275747995,1.0,0.01197122881142798,0.0056574722443475285,1.0,0.01197122881142798
2024-03-07,0.0020506151845554044,1.0,-1.0,0.4284766143515233,-0.20584430165037323,0,0.003701690603168794,1.0,0.0020506151845554044,0.0037767350948572486,1.0,0.0020506151845554044,0.0047275954844671906,1.0,0.0020506151845554044,0.004628328336159762,1.0,0.0020506151845554044
2024-03-08,-0.009522392501115862,0.0,-1.0,0.5845110746727101,-1.0,0,0.0018089544843031633,1.0,-0.009522392501115862,0.0019177439660589095,1.0,-0.009522392501115862,0.003919900154289864,1.0,-0.009522392501115862,0.003739320017775576,1.0,-0.009522392501115862
2024-03-11,-0.009752475247524761,0.0,-1.0,0.7110043986361607,0.2069758953957089,0,0.0009936081212600818,1.0,-0.009752475247524761,0.0012101832492015206,1.0,-0.009752475247524761,0.0032651212877908837,1.0,-0.009752475247524761,0.003018622698785305,1.0,-0.009752475247524761
2024-03-12,5.00525551829778e-05,1.0,-1.0,0.7841414851253178,-0.4414565379669359,0,-8.66596404204209e-07,0.0,-5.00525551829778e-05,0.00021952309348124196,1.0,5.00525551829778e-05,0.0028865351530455805,1.0,5.00525551829778e-05,0.0026019232201098517,1.0,5.00525551829778e-05
2024-03-13,0.004920721705850228,1.0,-1.0,0.8157648161161888,-0.4354544700872146,0,-0.0003196022897951137,0.0,-0.004920721705850228,-8.511826442749067e-05,0.0,-0.004920721705850228,0.002722840436420793,1.0,0.004920721705850228,0.002421748890362237,1.0,0.004920721705850228
2024-03-14,0.00808584976291482,1.0,-1.0,0.837692928346475,0.07659236546325927,0,-0.00034329952615142455,0.0,-0.00808584976291482,-7.697107927234163e-05,0.0,-0.00808584976291482,0.002609331960078137,1.0,0.00808584976291482,0.002296813192574333,1.0,0.00808584976291482
2024-03-15,0.0032046467377697674,1.0,-1.0,0.8520730850316213,0.15560731126190802,0,-0.00045860117864582155,0.0,-0.0032046467377697674,-0.00018254843026721014,0.0,-0.0032046467377697674,0.0025348946506664684,1.0,0.0032046467377697674,0.0022148820673187465,1.0,0.0032046467377697674
2024-03-18,0.0047992801079839165,1.0,-1.0,0.8927409489601982,0.6823104362917533,0,-0.0006668665402820885,0.0,-0.0047992801079839165,-0.00035013481949354355,0.0,-0.0047992801079839165,0.002324381897805436,1.0,0.0047992801079839165,0.001983176396347089,1.0,0.0047992801079839165
2024-03-19,0.00920920920920909,1.0,-1.0,0.9591759714739246,0.3541392245891029,0,-0.001468870938020752,0.0,-0.00920920920920909,-0.0011373388334919724,0.0,-0.00920920920920909,0.001980488264731637,1.0,0.00920920920920909,0.0016046620122477711,1.0,0.00920920920920909
2024-03-20,0.004550400633099194,1.0,-1.0,1.0,-1.0,0,-0.002409450517400118,0.0,-0.004550400633099194,-0.0021189070204071653,0.0,-0.004550400633099194,0.0017691671428995536,1.0,0.004550400633099194,0.0013720665914995116,1.0,0.004550400633099194
2024-03-21,0.018567113927810963,1.0,-1.0,1.0,-1.0,0,-0.002409450517400118,0.0,-0.018567113927810963,-0.0021189070204071653,0.0,-0.018567113927810963,0.0017691671428995536,1.0,0.018567113927810963,0.0013720665914995116,1.0,0.018567113927810963
2024-03-22,0.03728475168455203,1.0,-1.0,1.0,-0.8930983088634903,0,-0.0023679179914600865,0.0,-0.03728475168455203,-0.002072728860425585,0.0,-0.03728475168455203,0.0017691671428995536,1.0,0.03728475168455203,0.0013720665914995116,1.0,0.03728475168455203
2024-03-25,0.04925618189959691,1.0,-1.0,0.9257957887613472,0.42705124487597346,0,-0.0011016391346133879,0.0,-0.04925618189959691,-0.0007815405186417301,0.0,-0.04925618189959691,0.0021532771322799803,1.0,0.04925618189959691,0.0017948460269813166,1.0,0.04925618189959691
2024-03-26,0.055048601467962754,1.0,-1.0,0.7753572265167524,-0.3658150255668037,0,0.0001177064284340508,1.0,0.055048601467962754,0.0003375406368728018,1.0,0.055048601467962754,0.0029320059076635265,1.0,0.055048601467962754,0.0026519716450396887,1.0,0.055048601467962754
2024-03-27,0.04145741014278692,1.0,-0.6573921223223348,0.5988912313578453,0.5263352269164491,0,0.0027918565338767845,1.0,0.04145741014278692,0.0029638426163046466,1.0,0.04145741014278692,0.0038454628448782524,1.0,0.04145741014278692,0.0036573888925200532,1.0,0.04145741014278692
2024-03-28,0.0457903947112579,1.0,0.911264518417439,0.4289971630098153,-0.8076473075824471,0,0.006452176010487752,1.0,0.0457903947112579,0.00644872312781453,1.0,0.0457903947112579,0.004724900921230537,1.0,0.0457903947112579,0.004625362503571289,1.0,0.0457903947112579
2024-04-01,0.04167067654701184,1.0,0.41461383980241473,0.29866479269149016,-0.9919418198483415,0,0.006926967856872319,1.0,0.04167067654701184,0.006872153884836283,1.0,0.04167067654701184,0.005399552191599686,1.0,0.04167067654701184,0.005367932837901381,1.0,0.04167067654701184
2024-04-02,0.03214946180473244,1.0,0.29207300632700056,0.23958251997606214,-1.0,0,0.007332014839042058,1.0,0.03214946180473244,0.007254376059937379,1.0,0.03214946180473244,0.00570538511895615,1.0,0.03214946180473244,0.005704554836688956,1.0,0.03214946180473244
2024-04-03,0.013490645858794892,1.0,-0.5725242335372123,0.27309283985320426,-1.0,0,0.005639395943001113,1.0,0.013490645858794892,0.005600198300411499,1.0,0.013490645858794892,0.005531922610598686,1.0,0.013490645858794892,0.00551362936380834,1.0,0.013490645858794892
2024-04-04,0.03914523449319218,1.0,-1.0,0.29384971760236395,-1.0,0,0.004760001426171866,1.0,0.03914523449319218,0.0047416422271770575,1.0,0.03914523449319218,0.005424476901538343,1.0,0.03914523449319218,0.005395366789344326,1.0,0.03914523449319218
2024-04-05,0.008134238170493635,1.0,-1.0,0.3820827151818008,-1.0,0,0.003864183281293087,1.0,0.008134238170493635,0.003884421264097637,1.0,0.008134238170493635,0.004967748432931066,1.0,0.008134238170493635,0.004892658165604239,1.0,0.008134238170493635
2024-04-08,0.02064855875831495,1.0,-1.0,0.5286822310715433,-0.5477410798396817,0,0.0025514852170892147,1.0,0.02064855875831495,0.00265550643480198,1.0,0.02064855875831495,0.004208892061417574,1.0,0.02064855875831495,0.004057405562885561,1.0,0.02064855875831495
2024-04-09,0.016309091744383775,1.0,-1.0,0.6819187423544286,-0.7295417631551279,0,0.0009250632164267431,1.0,0.016309091744383775,0.0010882166256934514,1.0,0.016309091744383775,0.003415680008637166,1.0,0.016309091744383775,0.0031843385946643136,1.0,0.016309091744383775
2024-04-10,0.018459255136589192,1.0,-1.0,0.784596965201333,-1.0,0,-0.00022249153007935368,0.0,-0.018459255136589192,-2.617525331398765e-05,0.0,-0.018459255136589192,0.0028841774102134586,1.0,0.018459255136589192,0.0025993281165948828,1.0,0.018459255136589192
2024-04-11,0.0024567788898999243,1.0,-1.0,0.8799224382499168,-1.0,0,-0.0011903186556305751,0.0,-0.0024567788898999243,-0.0009523026212427451,0.0,-0.0024567788898999243,0.0023907355175072018,1.0,0.0024567788898999243,0.0020562100238373207,1.0,0.0024567788898999243
2024-04-12,0.019180229609479627,1.0,-1.0,0.9453814320293582,-1.0,0,-0.0018549153029374654,0.0,-0.019180229609479627,-0.0015882644861822618,0.0,-0.019180229609479627,0.0020518941905020636,1.0,0.019180229609479627,0.0016832565758413184,1.0,0.019180229609479627
2024-04-15,-0.024349400316813763,0.0,-1.0,1.0,-1.0,0,-0.002409450517400118,0.0,0.024349400316813763,-0.0021189070204071653,0.0,0.024349400316813763,0.0017691671428995536,1.0,-0.024349400316813763,0.0013720665914995116,1.0,-0.024349400316813763
2024-04-16,-0.027935991320857112,0.0,-1.0,1.0,-0.5333857755923583,0,-0.0022281655707059606,0.0,0.027935991320857112,-0.0019173443877182027,0.0,0.027935991320857112,0.0017691671428995536,1.0,-0.027935991320857112,0.0013720665914995116,1.0,-0.027935991320857112
2024-04-17,-0.0225420101097501,0.0,-1.0,1.0,-0.5122606650991975,0,-0.0022199582244028706,0.0,0.0225420101097501,-0.001908219006055755,0.0,0.0225420101097501,0.0017691671428995536,1.0,-0.0225420101097501,0.0013720665914995116,1.0,-0.0225420101097501
2024-04-18,-0.020059907415811984,0.0,-1.0,1.0,0.23390359883257933,0,-0.001930064899818354,0.0,0.020059907415811984,-0.0015858995704503788,0.0,0.020059907415811984,0.0017691671428995536,1.0,-0.020059907415811984,0.0013720665914995116,1.0,-0.020059907415811984
2024-04-19,-0.020040714770413914,0.0,-1.0,1.0,0.20762405035069986,0,-0.0019402748040529098,0.0,0.020040714770413914,-0.0015972515068055325,0.0,0.020040714770413914,0.0017691671428995536,1.0,-0.020040714770413914,0.0013720665914995116,1.0,-0.020040714770413914
2024-04-22,0.0028297072876559692,1.0,-1.0,1.0,0.41772435378260364,0,-0.0018586484405265294,0.0,-0.0028297072876559692,-0.0015064948001443819,0.0,-0.0028297072876559692,0.0017691671428995536,1.0,0.0028297072876559692,0.0013720665914995116,1.0,0.0028297072876559692
2024-04-23,-0.014741443452380931,0.0,-1.0,1.0,0.24910735298756087,0,-0.0019241580679701907,0.0,0.014741443452380931,-0.0015793320280268188,0.0,0.014741443452380931,0.0017691671428995536,1.0,-0.014741443452380931,0.0013720665914995116,1.0,-0.014741443452380931
2024-04-24,-0.0039601192694744825,0.0,-1.0,0.9155149527602158,0.23512900188691221,0,-0.0010718231240522506,0.0,0.0039601192694744825,-0.0007645621977534793,0.0,0.0039601192694744825,0.0022064947562031832,1.0,-0.0039601192694744825,0.001853421220602879,1.0,-0.0039601192694744825
2024-04-25,-0.012921452389773935,0.0,-1.0,0.7797818901121846,-0.18626086493856256,0,0.00014254223336853007,1.0,-0.012921452389773935,0.00037211489103230414,1.0,-0.012921452389773935,0.0029091021201522304,1.0,-0.012921452389773935,0.002626762068037955,1.0,-0.012921452389773935
2024-04-26,-0.016895946819314944,0.0,-1.0,0.605528226750988,0.6109672371226373,0,0.00222144921416646,1.0,-0.016895946819314944,0.002409440479873807,1.0,-0.016895946819314944,0.0038111071636113374,1.0,-0.016895946819314944,0.0036195745270174843,1.0,-0.016895946819314944
2024-04-29,-0.004533259320936289,0.0,-1.0,0.4345279925041083,0.36672654678523253,0,0.0038627020513860464,1.0,-0.004533259320936289,0.003965275945114507,1.0,-0.004533259320936289,0.004696271186841404,1.0,-0.004533259320936289,0.004593850532319106,1.0,-0.004533259320936289
2024-04-30,0.011044508424977506,1.0,-1.0,0.2644387184091924,0.08319319704559756,0,0.005479440382495599,1.0,0.011044508424977506,0.005495287856458054,1.0,0.011044508424977506,0.0055767197244075695,1.0,0.011044508424977506,0.00556293633059117,1.0,0.011044508424977506
2024-05-01,-0.0009822723233078312,0.0,-1.0,0.1965721870851879,-0.4238239211608255,0,0.005971498513635956,1.0,-0.0009822723233078312,0.005935624560000436,1.0,-0.0009822723233078312,0.005928023406382036,1.0,-0.0009822723233078312,0.005949606754308645,1.0,-0.0009822723233078312
2024-05-02,0.017923333176934175,1.0,-1.0,-0.008458915697148156,0.1743518028860928,0,0.008285550714052053,1.0,0.017923333176934175,0.008185981664537087,1.0,0.017923333176934175,0.006989344501206333,1.0,0.017923333176934175,0.007117774065079481,1.0,0.017923333176934175
2024-05-03,0.027000375657400433,1.0,-1.0,-0.06819187423544397,-0.04028795159713299,0,0.008808621678520472,1.0,0.027000375657400433,0.008673595064128358,1.0,0.027000375657400433,0.007298545632608627,1.0,0.027000375657400433,0.007458103354602663,1.0,0.027000375657400433
2024-05-06,0.004925650557620731,1.0,-1.0,-0.19286327789490026,0.6813385267851215,0,0.010354754334623963,1.0,0.004925650557620731,0.010196550470151439,1.0,0.004925650557620731,0.007943893527779463,1.0,0.004925650557620731,0.008168420259533437,1.0,0.004925650557620731
2024-05-07,0.018113066616871176,1.0,-1.0,-0.30777439421150615,0.8411049330891951,0,0.011583503018653369,1.0,0.018113066616871176,0.011381974712600617,1.0,0.018113066616871176,0.008538718362263695,1.0,0.018113066616871176,0.008823127803431061,1.0,0.018113066616871176
2024-05-08,0.03422605112838273,1.0,-1.0,-0.42457249941434977,0.6282592552441991,0,0.012686646011982487,1.0,0.03422605112838273,0.012424775179786013,1.0,0.03422605112838273,0.009143310988480428,1.0,0.03422605112838273,0.009488586490461493,1.0,0.03422605112838273
2024-05-09,0.014196819543673689,1.0,-1.0,-0.457171859139528,-0.15072869976200742,0,0.012714977367100748,1.0,0.014196819543673689,0.012404993539327419,1.0,0.014196819543673689,0.00931205801117399,1.0,0.014196819543673689,0.00967432175631255,1.0,0.014196819543673689
2024-05-10,0.02263270998125355,1.0,-0.1945206622614128,-0.5536034980869726,0.4518292104634494,0,0.015188057310932805,1.0,0.02263270998125355,0.01483991919587686,1.0,0.02263270998125355,0.009811225850758085,1.0,0.02263270998125355,0.010223742243320563,1.0,0.02263270998125355
2024-05-13,0.03837972810505885,1.0,-1.0,-0.4440930741001062,0.37795713384789814,0,0.012787590638842695,1.0,0.03837972810505885,0.012506303210868628,1.0,0.03837972810505885,0.009244357109853926,1.0,0.03837972810505885,0.009599805212528113,1.0,0.03837972810505885
2024-05-14,0.02815351460406257,1.0,-1.0,-0.3036100049452033,0.652744918618935,0,0.011468042502866252,1.0,0.02815351460406257,0.011260150318786657,1.0,0.02815351460406257,0.00851716185637064,1.0,0.02815351460406257,0.008799401142723469,1.0,0.02815351460406257
2024-05-15,-0.003531169360314945,0.0,-0.5427805818735943,-0.16631529632234038,-1.0,0,0.010147174255515255,1.0,-0.003531169360314945,0.009914941083542267,1.0,-0.003531169360314945,0.00780647080271186,1.0,-0.003531169360314945,0.008017162797523226,1.0,-0.003531169360314945
2024-05-16,-0.019588237967549937,0.0,-1.0,-0.05329116889199454,1.0,0,0.009061500486775181,1.0,-0.019588237967549937,0.00897819999207397,1.0,-0.019588237967549937,0.007221413759960247,1.0,-0.019588237967549937,0.00737320639675854,1.0,-0.019588237967549937
2024-05-17,-0.03460609854243046,0.0,-0.453333397468171,0.07899325889485627,-0.5172481635537323,0,0.007984055251986555,1.0,-0.03460609854243046,0.007877649940414917,1.0,-0.03460609854243046,0.006536657877454007,1.0,-0.03460609854243046,0.0066195141902220716,1.0,-0.03460609854243046
2024-05-20,-0.028366583541147183,0.0,-1.0,0.12161318029202539,-1.0,0,0.006508696580666431,1.0,-0.028366583541147183,0.006414993177967403,1.0,-0.028366583541147183,0.00631604051245554,1.0,-0.028366583541147183,0.006376686647043658,1.0,-0.028366583541147183
2024-05-21,-0.035989831869063016,0.0,-1.0,0.2639181697509226,0.6076354981077849,0,0.005688477259149122,1.0,-0.035989831869063016,0.0057268877457683194,1.0,-0.035989831869063016,0.005579414287644108,1.0,-0.035989831869063016,0.005565902163179516,1.0,-0.035989831869063016
2024-05-22,-0.01608286765708067,0.0,-1.0,0.3216340022383493,-1.0,0,0.0044779111991342544,1.0,-0.01608286765708067,0.004471706127446463,1.0,-0.01608286765708067,0.0052806545887837805,1.0,-0.01608286765708067,0.005237065474936594,1.0,-0.01608286765708067
2024-05-23,-0.001946968292230622,0.0,-1.0,0.39294916842351213,-1.0,0,0.0037538575953087946,1.0,-0.001946968292230622,0.0037788490658423194,1.0,-0.001946968292230622,0.004911499425366621,1.0,-0.001946968292230622,0.004830746410320637,1.0,-0.001946968292230622
2024-05-24,0.006020748425342726,1.0,-1.0,0.4836547721298111,0.5805662530284059,0,0.003447003413637635,1.0,0.006020748425342726,0.00358036047275714,1.0,0.006020748425342726,0.00444197178138537,1.0,0.006020748425342726,0.004313950081785447,1.0,0.006020748425342726
2024-05-28,-0.013382831477152912,0.0,-1.0,0.5222404414252532,0.6384146467195445,0,0.0030777228940238825,1.0,-0.013382831477152912,0.0032304730257488,1.0,-0.013382831477152912,0.00424223728147078,1.0,-0.013382831477152912,0.004094107741167492,1.0,-0.013382831477152912
2024-05-29,0.007679496669134034,1.0,-1.0,0.489250670206392,1.0,0,0.0035531437817604766,1.0,0.007679496669134034,0.0037071761055276105,1.0,0.007679496669134034,0.004413005226591647,1.0,0.007679496669134034,0.004282067381459698,1.0,0.007679496669134034
2024-05-30,0.013205891859445096,1.0,-1.0,0.5128054969938199,0.8654395761667885,0,0.0032617164310180568,1.0,0.013205891859445096,0.003420205120733599,1.0,0.013205891859445096,0.004291076240134557,1.0,0.013205891859445096,0.004147863456832936,1.0,0.013205891859445096
2024-05-31,-0.01718532280538787,0.0,-1.0,0.4275005856172382,-1.0,0,0.0034030615518495407,1.0,-0.01718532280538787,0.0034431674055213127,1.0,-0.01718532280538787,0.004732647790535852,1.0,-0.01718532280538787,0.004633889272263077,1.0,-0.01718532280538787
2024-06-03,-0.01694134978362949,0.0,-1.0,0.30556206241376227,-0.7010762591030706,0,0.004757222794915136,1.0,-0.01694134978362949,0.0047569774649086835,1.0,-0.01694134978362949,0.00536384922871453,1.0,-0.01694134978362949,0.00532863555610467,1.0,-0.01694134978362949
2024-06-04,-0.005202768616156428,0.0,-1.0,0.2784284636006336,-0.4203541652014956,0,0.005141770427830898,1.0,-0.005202768616156428,0.005141854969573819,1.0,-0.005202768616156428,0.005504303337423319,1.0,-0.005202768616156428,0.0054832295797768585,1.0,-0.005202768616156428
2024-06-05,-0.014231934624919673,0.0,-1.0,0.2009317820983322,-0.5608011051107612,0,0.005874018914841986,1.0,-0.014231934624919673,0.005834099422325337,1.0,-0.014231934624919673,0.005905456439275329,1.0,-0.014231934624919673,0.0059247679063804785,1.0,-0.014231934624919673
2024-06-06,-0.029439912500569654,0.0,-0.18282812057085748,0.04873636813200876,-0.14359724445434488,0,0.008859538387711268,1.0,-0.029439912500569654,0.008748694395098698,1.0,-0.029439912500569654,0.006693279365582544,1.0,-0.029439912500569654,0.006791903209424906,1.0,-0.029439912500569654
2024-06-07,0.019517958412098357,1.0,-1.0,-0.06623981676689607,-1.0,0,0.008415943619210439,1.0,0.019517958412098357,0.00824006465319668,1.0,0.019517958412098357,0.007288441020471421,1.0,0.019517958412098357,0.0074469814823961596,1.0,0.019517958412098357
2024-06-10,0.005010770815772281,1.0,-1.0,-0.22871606673435088,0.720202348232574,0,0.010733862072859751,1.0,0.005010770815772281,0.010561663453005733,1.0,0.005010770815772281,0.008129481570701839,1.0,0.005010770815772281,0.008372691979062149,1.0,0.005010770815772281
2024-06-11,0.006163903805743498,1.0,-1.0,-0.4584732307852414,0.7792221792657488,0,0.013089486544258618,1.0,0.006163903805743498,0.012819346374934825,1.0,0.006163903805743498,0.009318794419265537,1.0,0.006163903805743498,0.009681736337783638,1.0,0.006163903805743498
2024-06-12,0.01602086438152006,1.0,-1.0,-0.6402097811092788,-0.693866715178971,0,0.014362322262674792,1.0,0.01602086438152006,0.013948666021896284,1.0,0.01602086438152006,0.010259533809250987,1.0,0.01602086438152006,0.010717182640221853,1.0,0.01602086438152006
2024-06-13,0.008498849603230552,1.0,-1.0,-0.6714427006064336,-1.0,0,0.01456048975897315,1.0,0.008498849603230552,0.01411986714405389,1.0,0.008498849603230552,0.010421207603448298,1.0,0.008498849603230552,0.010895132595528129,1.0,0.008498849603230552
2024-06-14,-0.0004635423909515879,0.0,-1.0,-0.5872439551286904,0.9751705096063557,0,0.014473007115429828,1.0,-0.0004635423909515879,0.014155052033198123,1.0,-0.0004635423909515879,0.009985361999924726,1.0,-0.0004635423909515879,0.01041540917434831,1.0,-0.0004635423909515879
2024-06-17,-0.00023298075578959132,0.0,-1.0,-0.4446786913406528,0.1694300652293498,0,0.012712521190631518,1.0,-0.00023298075578959132,0.012421915611709276,1.0,-0.00023298075578959132,0.009247388493494997,1.0,-0.00023298075578959132,0.009603141774189965,1.0,-0.00023298075578959132
2024-06-18,-0.013412540028774234,0.0,-1.0,-0.33803128497435364,0.02857376285488018,0,0.011575019669575233,1.0,-0.013412540028774234,0.011324945382108226,1.0,-0.013412540028774234,0.008695339850392232,1.0,-0.013412540028774234,0.008995516822633895,1.0,-0.013412540028774234
2024-06-20,-0.014530619728639449,0.0,-1.0,-0.1674865308034558,-0.9671090916140702,0,0.009456666827072625,1.0,-0.014530619728639449,0.00923792722202041,1.0,-0.014530619728639449,0.007812533569994116,1.0,-0.014530619728639449,0.008023835920847053,1.0,-0.014530619728639449
2024-06-21,0.0010708632088647363,1.0,-1.0,-0.11003097264515843,-1.0,0,0.008860549527398521,1.0,0.0010708632088647363,0.008665514290476982,1.0,0.0010708632088647363,0.007515121152752029,1.0,0.0010708632088647363,0.007696482148898273,1.0,0.0010708632088647363
2024-06-24,-0.00027825441728890343,0.0,-1.0,-0.09968506806172807,1.0,0,0.009532531708971918,1.0,-0.00027825441728890343,0.009428936383427821,1.0,-0.00027825441728890343,0.007461566708424181,1.0,-0.00027825441728890343,0.007637536226203081,1.0,-0.00027825441728890343
2024-06-25,0.004660700969425724,1.0,-1.0,-0.142370058041174,0.6556448278878035,0,0.009832120947873476,1.0,0.004660700969425724,0.009694888573326123,1.0,0.004660700969425724,0.00768252089382718,1.0,0.004660700969425724,0.007880734498455,1.0,0.004660700969425724
2024-06-26,0.025449242638065694,1.0,-1.0,-0.10287342859374586,0.8059106897438802,0,0.009489496808517977,1.0,0.025449242638065694,0.009376072194734896,1.0,0.025449242638065694,0.007478070908248575,1.0,0.025449242638065694,0.007655701950807358,1.0,0.025449242638065694
2024-06-27,0.02762919205544434,1.0,-1.0,-0.1536919913589005,0.7015042867795452,0,0.009964887986495691,1.0,0.02762919205544434,0.009824695793845858,1.0,0.02762919205544434,0.007741127644223746,1.0,0.02762919205544434,0.00794524135725357,1.0,0.02762919205544434
2024-06-28,0.014790009766987522,1.0,-1.0,-0.23828114833033767,0.7352750626989499,0,0.010836831023274806,1.0,0.014790009766987522,0.010661103211634122,1.0,0.014790009766987522,0.008178994170174678,1.0,0.014790009766987522,0.0084271891528746,1.0,0.014790009766987522
2024-07-01,0.013870204573920297,1.0,-1.0,-0.14022279482572914,0.11954962819378871,0,0.009602040965975268,1.0,0.013870204573920297,0.009442450777924497,1.0,0.013870204573920297,0.007671405820476034,1.0,0.013870204573920297,0.007868500439027603,1.0,0.013870204573920297
2024-07-02,0.01762850250510306,1.0,-1.0,-0.05524322636057573,0.21872326230199585,0,0.00877778455127305,1.0,0.01762850250510306,0.008659678140445954,1.0,0.01762850250510306,0.007231518372097626,1.0,0.01762850250510306,0.0073843282689652345,1.0,0.01762850250510306
2024-07-03,0.024129547226936943,1.0,-1.0,-0.008393847114849171,0.225661048678833,0,0.00830482430823961,1.0,0.024129547226936943,0.008207513472097118,1.0,0.024129547226936943,0.006989007680801686,1.0,0.024129547226936943,0.007117403336005851,1.0,0.024129547226936943
2024-07-05,0.009867378807767224,1.0,1.0,0.0925275240103155,-0.17662602314554682,0,0.010252266454512776,1.0,0.009867378807767224,0.010126607754771266,1.0,0.009867378807767224,0.006466599233301707,1.0,0.009867378807767224,0.0065424025429225395,1.0,0.009867378807767224
2024-07-08,0.02584903066135036,1.0,-1.0,0.25259623643320717,-1.0,0,0.005178842653202311,1.0,0.02584903066135036,0.0051424372792364115,1.0,0.02584903066135036,0.0056380210380406175,1.0,0.02584903066135036,0.005630409021978023,1.0,0.02584903066135036
2024-07-09,0.044518667642752474,1.0,-1.0,0.19039067176804927,-0.6154996490189024,0,0.0059597904285734644,1.0,0.044518667642752474,0.005912882729987577,1.0,0.044518667642752474,0.005960021344816886,1.0,0.044518667642752474,0.005984826016296308,1.0,0.044518667642752474
2024-07-10,0.03587709700948194,1.0,-1.0,0.20041123344004017,0.011819230846397919,0,0.006101773507396598,1.0,0.03587709700948194,0.006086510703666438,1.0,0.03587709700948194,0.005908151002511982,1.0,0.03587709700948194,0.005927733738968951,1.0,0.03587709700948194
2024-07-11,0.011332586786114263,1.0,-0.22213950538955843,0.22526743187320372,-1.0,0,0.006673028817200744,1.0,0.011332586786114263,0.006603272224228913,1.0,0.011332586786114263,0.005779485607963229,1.0,0.011332586786114263,0.005786115232870976,1.0,0.011332586786114263
2024-07-12,-0.0061852897673794205,0.0,-1.0,0.1903256031857503,-0.26559031124205984,0,0.0060963948289486595,1.0,-0.0061852897673794205,0.006064664700186219,1.0,-0.0061852897673794205,0.0059603581652215324,1.0,-0.0061852897673794205,0.005985196745369938,1.0,-0.0061852897673794205
2024-07-15,-0.009069383013894483,0.0,-1.0,0.21388042997318935,-1.0,0,0.00557191919907478,1.0,-0.009069383013894483,0.005518577746074496,1.0,-0.009069383013894483,0.005838429178764385,1.0,-0.009069383013894483,0.0058509928207431125,1.0,-0.009069383013894483
2024-07-16,-0.025012046081738015,0.0,-0.06082999322805084,0.29820931261550826,-1.0,0,0.006184777860770312,1.0,-0.025012046081738015,0.006142492324999391,1.0,-0.025012046081738015,0.005401909934431636,1.0,-0.025012046081738015,0.005370527941416159,1.0,-0.025012046081738015
2024-07-17,-0.023896492540597558,0.0,-1.0,0.3816272351057967,-1.0,-1,-0.01412687336883215,0.0,0.023896492540597558,-0.013351479355512437,0.0,0.023896492540597558,0.004970106175763131,1.0,-0.023896492540597558,0.004895253269119145,1.0,-0.023896492540597558
2024-07-18,-0.032996722473203954,0.0,-1.0,0.523932224564705,-1.0,0,0.002424003667844562,1.0,-0.032996722473203954,0.00250629316711122,1.0,-0.032996722473203954,0.004233479950951641,1.0,-0.032996722473203954,0.004084468785254939,1.0,-0.032996722473203954
2024-07-19,-0.004960988589726267,0.0,-1.0,0.6296686707789848,0.6204611114500697,0,0.0019800429051691952,1.0,-0.004960988589726267,0.0021790068902149463,1.0,-0.004960988589726267,0.0036861467935130625,1.0,-0.004960988589726267,0.0034820340407287456,1.0,-0.004960988589726267
2024-07-22,-0.0066726780883680226,0.0,-1.0,0.6693605059732988,0.2386871077331767,0,0.0014287333129680037,1.0,-0.0066726780883680226,0.001628469558253227,1.0,-0.0066726780883680226,0.0034806863467205765,1.0,-0.0066726780883680226,0.0032558893058602777,1.0,-0.0066726780883680226
2024-07-23,-0.00026956599874206066,0.0,-1.0,0.7161448166367375,1.0,0,0.0012495170330931987,1.0,-0.00026956599874206066,0.0015028033192013238,1.0,-0.00026956599874206066,0.0032385124758292252,1.0,-0.00026956599874206066,0.0029893351019744615,1.0,-0.00026956599874206066
2024-07-24,0.021415689810640126,1.0,-1.0,0.7372270372973033,-1.0,0,0.0002584491848705711,1.0,0.021415689810640126,0.00043404367081739323,1.0,0.021415689810640126,0.00312938266474611,1.0,0.021415689810640126,0.0028692188821428026,1.0,0.021415689810640126
2024-07-25,0.034076856135208056,1.0,-1.0,0.6338330600453098,-0.187152855579266,0,0.001623995167844977,1.0,0.034076856135208056,0.0017896843138511314,1.0,0.034076856135208056,0.003664590287619892,1.0,0.034076856135208056,0.003458307380021027,1.0,0.034076856135208056
2024-07-26,0.0213479581199294,1.0,-1.0,0.5159287889435388,0.4991202657895962,0,0.003087686825215344,1.0,0.0213479581199294,0.003231622623738979,1.0,0.0213479581199294,0.004274908860714808,1.0,0.0213479581199294,0.004130068461302289,1.0,0.0213479581199294
2024-07-29,0.009803921568627416,1.0,-1.0,0.46771296946981095,-1.0,0,0.0029947904504225116,1.0,0.009803921568627416,0.0030524870550913356,1.0,0.009803921568627416,0.004524492780506885,1.0,0.009803921568627416,0.004404778704806326,1.0,0.009803921568627416
2024-07-30,-0.00817904008628445,0.0,-1.0,0.4351136097446771,-1.0,0,0.003325767508375389,1.0,-0.00817904008628445,0.0033692036498572868,1.0,-0.00817904008628445,0.004693239803200218,1.0,-0.00817904008628445,0.00459051397065713,1.0,-0.00817904008628445
2024-07-31,-0.02648421981902449,0.0,-0.7370223596568579,0.40771973660236355,-1.0,0,0.004015240514292025,1.0,-0.02648421981902449,0.004039459677426194,1.0,-0.02648421981902449,0.004835041193527534,1.0,-0.02648421981902449,0.004746590910623775,1.0,-0.02648421981902449
2024-08-01,-0.00779554413783945,0.0,-1.0,0.32143879649151896,-0.9309288370622496,0,0.004506728032061426,1.0,-0.00779554413783945,0.004503439198590552,1.0,-0.00779554413783945,0.005281665049997375,1.0,-0.00779554413783945,0.005238177662157106,1.0,-0.00779554413783945
2024-08-02,-0.0034614360521878496,0.0,-1.0,0.2933942375263487,-1.0,-1,-0.01323105522395326,0.0,0.0034614360521878496,-0.012494258392432908,0.0,0.0034614360521878496,0.005426834644370465,1.0,-0.0034614360521878496,0.005397961892859296,1.0,-0.0034614360521878496
2024-08-05,0.026654081265731877,1.0,-1.0,0.17451393769031479,-0.8614453255273796,0,0.0060254321443346925,1.0,0.026654081265731877,0.0059608911522012736,1.0,0.026654081265731877,0.006042205523533926,1.0,0.026654081265731877,0.006075283910243746,1.0,0.026654081265731877
2024-08-06,0.03334843679202537,1.0,-1.0,-0.06480830795659581,0.08185077737163507,0,0.008821721059186204,1.0,0.03334843679202537,0.008693482363737664,1.0,0.03334843679202537,0.007281030971570638,1.0,0.03334843679202537,0.007438825442777875,1.0,0.03334843679202537
2024-08-07,0.025617773747449446,1.0,-1.0,-0.2619010437000757,0.12344694258406952,0,0.010838938546939497,1.0,0.025617773747449446,0.010626290047779277,1.0,0.025617773747449446,0.008301259977036473,1.0,0.025617773747449446,0.008561763806575057,1.0,0.025617773747449446
2024-08-08,0.012945850631668199,1.0,-1.0,-0.32280523671948697,0.39046175358197416,0,0.0115610291934082,1.0,0.012945850631668199,0.011333342072516895,1.0,0.012945850631668199,0.008616523875721021,1.0,0.012945850631668199,0.008908766219422064,1.0,0.012945850631668199
2024-08-09,0.03308692554328463,1.0,-1.0,-0.2774524348663485,0.6924678791515237,0,0.011217900920186777,1.0,0.03308692554328463,0.011023177506844563,1.0,0.03308692554328463,0.008381760053730454,1.0,0.03308692554328463,0.008650368055154532,1.0,0.03308692554328463
2024-08-12,0.014009894487982288,1.0,-1.0,-0.19481533536348147,-0.5078488113391263,0,0.00991256047970536,1.0,0.014009894487982288,0.009701824100480653,1.0,0.014009894487982288,0.007953998139916842,1.0,0.014009894487982288,0.00817954213174013,1.0,0.014009894487982288
2024-08-13,0.019293168464439292,1.0,-1.0,-0.04769527081545802,0.8601350937761438,0,0.008950346950797355,1.0,0.019293168464439292,0.008863416241241468,1.0,0.019293168464439292,0.0071924472051667545,1.0,0.019293168464439292,0.0073413236964330435,1.0,0.019293168464439292
2024-08-14,0.026304155614500502,1.0,-1.0,0.0869316259337346,-0.10066813376787354,0,0.0072102145743791375,1.0,0.026304155614500502,0.0071404221864466155,1.0,0.026304155614500502,0.00649556578809543,1.0,0.026304155614500502,0.00657428524324829,1.0,0.026304155614500502
2024-08-15,0.010841302719139856,1.0,-1.0,0.28818875094348406,-0.39482714653781953,0,0.0050525930381196925,1.0,0.010841302719139856,0.005058056509000429,1.0,0.010841302719139856,0.005453780276736713,1.0,0.010841302719139856,0.0054276202187437065,1.0,0.010841302719139856
2024-08-16,0.00012931591878961868,1.0,-0.6265467171289558,0.3835792925743779,-1.0,0,0.004433140020871163,1.0,0.00012931591878961868,0.004443760225304296,1.0,0.00012931591878961868,0.004960001563625752,1.0,0.00012931591878961868,0.004884131396912452,1.0,0.00012931591878961868
2024-08-19,0.0049652432969213844,1.0,-1.0,0.4859321725098095,-0.015144152566244589,0,0.0031924409787916852,1.0,0.0049652432969213844,0.003300906450358727,1.0,0.0049652432969213844,0.004430183067225162,1.0,0.0049652432969213844,0.004300974564211045,1.0,0.0049652432969213844
2024-08-20,0.00400068829045841,1.0,-1.0,0.5517815777829672,-0.8425916740161407,0,0.0022024077374308048,1.0,0.00400068829045841,0.002303720332300212,1.0,0.00400068829045841,0.004089320817792548,1.0,0.00400068829045841,0.003925796741773704,1.0,0.00400068829045841
2024-08-21,-0.0017230239069567777,0.0,-1.0,0.4954972541058074,-0.2695439163245702,0,0.002996490740829104,1.0,-0.0017230239069567777,0.0030980849523711156,1.0,-0.0017230239069567777,0.004380670467752265,1.0,-0.0017230239069567777,0.0042464773903985314,1.0,-0.0017230239069567777
2024-08-22,0.015607969656014298,1.0,-1.0,0.37368886806692947,0.08614314231123331,0,0.004371383914372379,1.0,0.015607969656014298,0.004435150637581471,1.0,0.015607969656014298,0.005011198265121651,1.0,0.015607969656014298,0.004940482216092864,1.0,0.015607969656014298
2024-08-23,-0.0031462804930609822,0.0,-1.0,0.32521277426406114,-0.044103752086440885,0,0.004812952984177784,1.0,-0.0031462804930609822,0.004849853880473038,1.0,-0.0031462804930609822,0.005262129466532026,1.0,-0.0031462804930609822,0.005216675375891106,1.0,-0.0031462804930609822
2024-08-26,-0.010611788967176516,0.0,-1.0,0.34993883553267113,0.8377676008983153,0,0.004904529577164426,1.0,-0.010611788967176516,0.004990570336036179,1.0,-0.010611788967176516,0.005134137712792335,1.0,-0.010611788967176516,0.005075798327940137,1.0,-0.010611788967176516
2024-08-27,-0.012682634217404232,0.0,-1.0,0.4680383123812393,0.3447266240056006,0,0.003513928912678997,1.0,-0.012682634217404232,0.003630205713435442,1.0,-0.012682634217404232,0.004522808678483998,1.0,-0.012682634217404232,0.004402925059438554,1.0,-0.012682634217404232
2024-08-28,0.0025889967637540146,1.0,-1.0,0.6580385726555834,0.9450608913007262,0,0.0018181176981606935,1.0,0.0025889967637540146,0.0020435981411454683,1.0,0.0025889967637540146,0.0035392930971170854,1.0,0.0025889967637540146,0.0033203961646587846,1.0,0.0025889967637540146
2024-08-29,-0.00995921871646277,0.0,-1.0,0.7505660966658878,0.43145681314497725,0,0.0006791567444968706,1.0,-0.00995921871646277,0.000922793265918014,1.0,-0.00995921871646277,0.0030603344818076333,1.0,-0.00995921871646277,0.0027932194220640348,1.0,-0.00995921871646277
2024-08-30,0.0013403087033594385,1.0,-1.0,0.8095833007990502,-0.33393157700168946,0,-0.0002173993674594952,0.0,-0.0013403087033594385,1.8792465312173455e-05,1.0,0.0013403087033594385,0.0027548383748556434,1.0,0.0013403087033594385,0.0024569681523498995,1.0,0.0013403087033594385
2024-09-03,0.010117677710712591,1.0,-1.0,0.7060591863824698,-0.035356719451334936,0,0.0009496672338393016,1.0,0.010117677710712591,0.0011535480330262318,1.0,0.010117677710712591,0.003290719638538661,1.0,0.010117677710712591,0.003046798108375322,1.0,0.010117677710712591
2024-09-04,0.007898277134053666,1.0,-1.0,0.5778090106972794,0.5630758652692344,0,0.002484272464313384,1.0,0.007898277134053666,0.0026580568481175677,1.0,0.007898277134053666,0.003954592655961368,1.0,0.007898277134053666,0.0037775051123517126,1.0,0.007898277134053666
2024-09-05,0.017129330751022298,1.0,-1.0,0.5075349418286785,0.7962384638353328,0,0.003288342270686675,1.0,0.017129330751022298,0.0034415180991020215,1.0,0.017129330751022298,0.004318358692905335,1.0,0.017129330751022298,0.00417789251179085,1.0,0.017129330751022298
2024-09-06,0.03490439231669784,1.0,-1.0,0.47513078785039725,-1.0,0,0.0029194783054989305,1.0,0.03490439231669784,0.002980419805982751,1.0,0.03490439231669784,0.00448609525438496,1.0,0.03490439231669784,0.004362515590421017,1.0,0.03490439231669784
2024-09-09,0.030483592400690762,1.0,-1.0,0.3275552432263586,1.0,0,0.00519481641452155,1.0,0.030483592400690762,0.005278115702321564,1.0,0.030483592400690762,0.005250003931967171,1.0,0.030483592400690762,0.005203329129243073,1.0,0.030483592400690762
2024-09-10,0.02029060269968186,1.0,-1.0,0.27166133104292617,0.4963783377751045,0,0.005566637274589179,1.0,0.02029060269968186,0.005603600067053467,1.0,0.02029060269968186,0.0055393326594993545,1.0,0.02029060269968186,0.0055217854034264975,1.0,0.02029060269968186
2024-09-11,0.014036598493003094,1.0,-1.0,0.1844043621977632,0.2030482055249502,0,0.006338583825674749,1.0,0.014036598493003094,0.006324629128865148,1.0,0.014036598493003094,0.005991008822038028,1.0,0.014036598493003094,0.006018933091063333,1.0,0.014036598493003094
2024-09-12,0.012017094740405243,1.0,1.0,0.09545561021317064,-0.29177708006994674,0,0.010177800477642536,1.0,0.012017094740405243,0.010048418530537943,1.0,0.012017094740405243,0.006451442315095725,1.0,0.012017094740405243,0.006525719734612594,1.0,0.012017094740405243
2024-09-13,0.014789676554382458,1.0,0.7297794961169123,0.10801384659431154,1.0,0,0.010129492683337694,1.0,0.014789676554382458,0.010069173994068089,1.0,0.014789676554382458,0.006386435977012257,1.0,0.014789676554382458,0.006454169023416567,1.0,0.014789676554382458
2024-09-16,0.01684404592307054,1.0,-1.0,0.15063376799145847,1.0,0,0.006991077134230812,1.0,0.01684404592307054,0.006996982810443459,1.0,0.01684404592307054,0.006165818612013904,1.0,0.01684404592307054,0.00621134148023828,1.0,0.01684404592307054
2024-09-17,0.03678267464397056,1.0,-1.0,0.15798651778975692,-0.3434329074209598,0,0.006394486619294526,1.0,0.03678267464397056,0.006345227072357412,1.0,0.03678267464397056,0.006127757906296568,1.0,0.03678267464397056,0.006169449094926538,1.0,0.03678267464397056
2024-09-18,0.04339518491783778,1.0,-1.0,0.1536269227766237,-1.0,0,0.006183665218365039,1.0,0.04339518491783778,0.006103966102867558,1.0,0.04339518491783778,0.006150324873403218,1.0,0.04339518491783778,0.00619428794285464,1.0,0.04339518491783778
2024-09-19,0.03265459714847174,1.0,-1.0,0.2097160407068976,-0.3801730752315689,0,0.00585500952926145,1.0,0.03265459714847174,0.005826782241069952,1.0,0.03265459714847174,0.005859985684657383,1.0,0.03265459714847174,0.005874719481450641,1.0,0.03265459714847174
2024-09-20,0.011601502828124444,1.0,-1.0,0.20008589052858963,-0.43777733448208894,0,0.005930403279547726,1.0,0.011601502828124444,0.005895460007395566,1.0,0.011601502828124444,0.0059098351045349835,1.0,0.011601502828124444,0.005929587384336849,1.0,0.011601502828124444
2024-09-23,0.0015658480303279987,1.0,-1.0,0.2884490252726467,1.0,0,0.005591856757495047,1.0,0.0015658480303279987,0.005658049182270422,1.0,0.0015658480303279987,0.0054524329951182995,1.0,0.0015658480303279987,0.005426137302449375,1.0,0.0015658480303279987
2024-09-24,-0.0018693867598650327,0.0,-0.6394380457606613,0.43934306759322345,-1.0,0,0.0038468132014655224,1.0,-0.0018693867598650327,0.003882181649827449,1.0,-0.0018693867598650327,0.0046713464769028035,1.0,-0.0018693867598650327,0.004566416580876223,1.0,-0.0018693867598650327
2024-09-25,-0.00028486550278761236,0.0,-1.0,0.5966788995601348,0.11570445042482728,0,0.0021188800419887476,1.0,-0.00028486550278761236,0.002281477535407679,1.0,-0.00028486550278761236,0.0038569147386338723,1.0,-0.00028486550278761236,0.0036699936810208884,1.0,-0.00028486550278761236
2024-09-26,-0.006032877156044947,0.0,-1.0,0.6801618906327112,-0.4610190559289254,0,0.0010472244369371265,1.0,-0.006032877156044947,0.0012212785277461845,1.0,-0.006032877156044947,0.0034247741595607776,1.0,-0.006032877156044947,0.003194348279650306,1.0,-0.006032877156044947
2024-09-27,-8.162598971517276e-05,0.0,-1.0,0.819083313812749,-0.9276645959272427,0,-0.0005445238114102652,0.0,8.162598971517276e-05,-0.0003299781309446248,0.0,8.162598971517276e-05,0.0027056625957873927,1.0,-8.162598971517276e-05,0.0024028417076110155,1.0,-8.162598971517276e-05
2024-09-30,0.004566773636139221,1.0,-1.0,0.8876005309596102,0.3075858617562715,0,-0.000760261315073979,0.0,-0.004566773636139221,-0.00046206268140579643,0.0,-0.004566773636139221,0.002350990709767153,1.0,0.004566773636139221,0.002012463993157997,1.0,0.004566773636139221
2024-10-01,-0.013191645291315557,0.0,-1.0,0.9266416803310675,-0.09325088454164542,0,-0.001312370671626444,0.0,0.013191645291315557,-0.001014512828599698,0.0,0.013191645291315557,0.0021488984670204408,1.0,-0.013191645291315557,0.001790026549025073,1.0,-0.013191645291315557
2024-10-02,-0.018765773833753885,0.0,-1.0,0.9783712032482305,-0.3170717417968424,0,-0.0019245307426737149,0.0,0.018765773833753885,-0.0016137706191099261,0.0,0.018765773833753885,0.0018811262453811393,1.0,-0.018765773833753885,0.0014952969355490498,1.0,-0.018765773833753885
2024-10-03,-0.010876206770133234,0.0,-1.0,0.9602821373727966,-0.4932610145473989,0,-0.0018093263517568112,0.0,0.010876206770133234,-0.0015141358889165374,0.0,0.010876206770133234,0.001974762317853742,1.0,-0.010876206770133234,0.0015983596179972599,1.0,-0.010876206770133234
2024-10-04,0.001918367346938732,1.0,-1.0,0.8442648551573299,-0.9878786957394657,0,-0.0008235825888008776,0.0,-0.001918367346938732,-0.0006006380691824182,0.0,-0.001918367346938732,0.00257531309921581,1.0,0.001918367346938732,0.002259369556145331,1.0,0.001918367346938732
2024-10-07,0.0036859565057132393,1.0,-1.0,0.7423023867156144,1.0,0,0.000983942627310377,1.0,0.0036859565057132393,0.0012486714407661074,1.0,0.0036859565057132393,0.0031031106731889257,1.0,0.0036859565057132393,0.002840302014405399,1.0,0.0036859565057132393
2024-10-08,0.014647027272352009,1.0,-1.0,0.6828947710887248,-1.0,0,0.0008100776147922581,1.0,0.014647027272352009,0.0009619046620941941,1.0,0.014647027272352009,0.0034106277025684477,1.0,0.014647027272352009,0.003178777658560935,1.0,0.014647027272352009
2024-10-09,0.025305953121758984,1.0,-1.0,0.6553056921995919,0.7412092172399173,0,0.0017666655781027624,1.0,0.025305953121758984,0.001982091737131281,1.0,0.025305953121758984,0.0035534395541093012,1.0,0.025305953121758984,0.0033359667857480297,1.0,0.025305953121758984
2024-10-10,0.023927188864179216,1.0,-1.0,0.6236172926264109,0.3576394912237583,0,0.0019393725639889397,1.0,0.023927188864179216,0.0021242679402114764,1.0,0.023927188864179216,0.003717471091138793,1.0,0.023927188864179216,0.003516511844569338,1.0,0.023927188864179216
2024-10-11,0.023628141931804292,1.0,-1.0,0.5759220218110084,0.4189998274667038,0,0.0024474556334734606,1.0,0.023628141931804292,0.0026141534391790197,1.0,0.023628141931804292,0.003964360447694043,1.0,0.023628141931804292,0.003788256255484712,1.0,0.023628141931804292
2024-10-14,0.025094870853225704,1.0,-1.0,0.5130007027406726,0.20550676065471707,0,0.003003343108837599,1.0,0.025094870853225704,0.003133238445429409,1.0,0.025094870853225704,0.004290065778920847,1.0,0.025094870853225704,0.0041467512696122975,1.0,0.025094870853225704
2024-10-15,0.032571567989590156,1.0,-1.0,0.3416100570000766,-0.2448711028108632,0,0.004568473100944165,1.0,0.032571567989590156,0.004603822164454436,1.0,0.032571567989590156,0.005177250724578388,1.0,0.032571567989590156,0.0051232516493552585,1.0,0.032571567989590156
2024-10-16,0.015051588104390001,1.0,-1.0,0.15134952239661417,0.14905557690895752,0,0.006653208561717543,1.0,0.015051588104390001,0.006622447792408947,1.0,0.015051588104390001,0.006162113587563483,1.0,0.015051588104390001,0.006207263460429106,1.0,0.015051588104390001
2024-10-17,0.01677191006716816,1.0,-1.0,0.009630150178296867,0.4685678289884606,0,0.008216201062597876,1.0,0.01677191006716816,0.00813733077043115,1.0,0.01677191006716816,0.006895708428733673,1.0,0.01677191006716816,0.007014711382631208,1.0,0.01677191006716816
2024-10-18,0.008158554542921914,1.0,-0.2640140100828448,-0.004554800759985782,0.5186994499491613,0,0.009530916482482504,1.0,0.008158554542921914,0.00942777509975682,1.0,0.008158554542921914,0.006969135276931575,1.0,0.008158554542921914,0.007095530320666094,1.0,0.008158554542921914
2024-10-21,0.008399012817450924,1.0,-1.0,0.04112334400458097,-1.0,0,0.007325899416370829,1.0,0.008399012817450924,0.007196986047679314,1.0,0.008399012817450924,0.00673268735291812,1.0,0.008399012817450924,0.006835278511030791,1.0,0.008399012817450924
2024-10-22,0.008506281258614523,1.0,-1.0,0.10423986882174714,0.563664695539883,0,0.007292587115384471,1.0,0.008506281258614523,0.007259236107837045,1.0,0.008506281258614523,0.006405971560477721,1.0,0.008506281258614523,0.006475671309682694,1.0,0.008506281258614523
2024-10-23,0.02642803045402009,1.0,-1.0,0.13950704042060674,-1.0,0,0.006327022546859811,1.0,0.02642803045402009,0.00624114674371449,1.0,0.02642803045402009,0.006223414901196647,1.0,0.02642803045402009,0.006274736151816086,1.0,0.02642803045402009
2024-10-24,0.002808544303797289,1.0,-1.0,0.21615783035318778,-0.22673829689983427,0,0.005849218037994285,1.0,0.002808544303797289,0.005830476511209684,1.0,0.002808544303797289,0.005826640464604177,1.0,0.002808544303797289,0.005838017303168711,1.0,0.002808544303797289
2024-10-25,-0.003355439759987311,0.0,-1.0,0.27068530230863,0.044555009649931754,0,0.00540100825250534,1.0,-0.003355439759987311,0.005417909167981994,1.0,-0.003355439759987311,0.005544384965568072,1.0,-0.003355439759987311,0.005527346339529876,1.0,-0.003355439759987311
2024-10-28,-0.001973710180397159,0.0,-1.0,0.3086202857812154,1.0,0,0.005387060573931361,1.0,-0.001973710180397159,0.005462076838203637,1.0,-0.001973710180397159,0.005348018669699256,1.0,-0.001973710180397159,0.005311211289647464,1.0,-0.001973710180397159
2024-10-29,-0.010504119645437071,0.0,-1.0,0.46114104265895606,-0.5998226552727461,0,0.0032169878296931555,1.0,-0.010504119645437071,0.0032892001045348286,1.0,-0.010504119645437071,0.004558511641369211,1.0,-0.010504119645437071,0.004442222341235327,1.0,-0.010504119645437071
2024-10-30,-0.04582524271844668,0.0,-0.7659065960189214,0.658168709820137,-0.12258444324803461,0,0.001768170234647693,1.0,-0.04582524271844668,0.0019408717435926443,1.0,-0.04582524271844668,0.003538619456308023,1.0,-0.04582524271844668,0.003319654706511777,1.0,-0.04582524271844668
2024-10-31,-0.015226223817600859,0.0,-1.0,0.7798469586944503,-1.0,0,-0.00017426533201408967,0.0,0.015226223817600859,1.9973072869736673e-05,1.0,-0.015226223817600859,0.002908765299747757,1.0,-0.015226223817600859,0.002626391338964515,1.0,-0.015226223817600859
2024-11-01,-0.01786350853566754,0.0,-1.0,0.8162202961921818,-1.0,0,-0.0005435590952791551,0.0,0.01786350853566754,-0.00033340931530251826,0.0,0.01786350853566754,0.002720482693588786,1.0,-0.01786350853566754,0.0024191537868473944,1.0,-0.01786350853566754
2024-11-04,-0.04228137483684702,0.0,-1.0,0.8491449988287662,0.6070181754998383,0,-0.00025349443247283006,0.0,0.04228137483684702,4.089442851966645e-05,1.0,-0.04228137483684702,0.00255005156887245,1.0,-0.04228137483684702,0.0022315648756286916,1.0,-0.04228137483684702
2024-11-05,-0.05268350434096292,0.0,-1.0,0.8285182582441822,0.12893342512756256,0,-0.00022981519578024225,0.0,0.05268350434096292,3.477441630715065e-05,1.0,-0.05268350434096292,0.002656823637123616,1.0,-0.05268350434096292,0.002349085991945572,1.0,-0.05268350434096292
2024-11-06,-0.03284493284493284,0.0,-1.0,0.7000078082298625,-1.0,0,0.0006363311751882567,1.0,-0.03284493284493284,0.0007956442540633683,1.0,-0.03284493284493284,0.0033220439361645636,1.0,-0.03284493284493284,0.003081275912216104,1.0,-0.03284493284493284
2024-11-07,-0.0506308832365312,0.0,-1.0,0.5932302646989986,-0.8548127928584824,0,0.0017768365678294974,1.0,-0.0506308832365312,0.0018957496356747944,1.0,-0.0506308832365312,0.00387476622007645,1.0,-0.0506308832365312,0.003689642321919244,1.0,-0.0506308832365312
2024-11-08,-0.04585417002742376,0.0,-1.0,0.4584732307852414,0.20738837695481693,0,0.003557684466697346,1.0,-0.04585417002742376,0.003663808742176301,1.0,-0.04585417002742376,0.004572321277956894,1.0,-0.04585417002742376,0.004457422233251069,1.0,-0.04585417002742376
2024-11-11,-0.0043363343520277375,0.0,-1.0,0.2793394237526418,-0.04910506424348378,0,0.005276756076772724,1.0,-0.0043363343520277375,0.005293372511850536,1.0,-0.0043363343520277375,0.0054995878517591894,1.0,-0.0043363343520277375,0.005478039372747047,1.0,-0.0043363343520277375
2024-11-12,0.013330556134138583,1.0,-1.0,0.03266442830744391,-1.0,0,0.007411781686897488,1.0,0.013330556134138583,0.007279167998416952,1.0,0.013330556134138583,0.006776474005513179,1.0,0.013330556134138583,0.0068834732905928555,1.0,0.013330556134138583
2024-11-13,0.029415477843706572,1.0,-1.0,-0.12610291246975658,-1.0,0,0.009023725841399557,1.0,0.029415477843706572,0.008821659996878862,1.0,0.029415477843706572,0.007598315792682836,1.0,0.029415477843706572,0.007788052230066412,1.0,0.029415477843706572
2024-11-14,0.04071558162102873,1.0,-1.0,-0.31024700033833497,-0.24131060246703068,0,0.011188076289286157,1.0,0.04071558162102873,0.010938427745959444,1.0,0.04071558162102873,0.008551517537637497,1.0,0.04071558162102873,0.008837215508225974,1.0,0.04071558162102873
2024-11-15,0.056004057652478956,1.0,-1.0,-0.4591239166080981,0.23812138140892714,0,0.012885869042957436,1.0,0.056004057652478956,0.012591929579581175,1.0,0.056004057652478956,0.009322162623311312,1.0,0.056004057652478956,0.00968544362851918,1.0,0.056004057652478956
2024-11-18,0.005765481770293235,1.0,-1.0,-0.5799562739127021,1.0,0,0.014408662776340096,1.0,0.005765481770293235,0.014094974678774538,1.0,0.005765481770293235,0.009947638114612096,1.0,0.005765481770293235,0.010373887518110261,1.0,0.005765481770293235
2024-11-19,-0.0012332990750257844,0.0,-1.0,-0.7056687748887203,0.663868025445392,0,0.015554414338119046,1.0,-0.0012332990750257844,0.015171126485674983,1.0,-0.0012332990750257844,0.010598375136256125,1.0,-0.0012332990750257844,0.011090136088217857,1.0,-0.0012332990750257844
2024-11-20,-0.004619409696672405,0.0,-1.0,-0.9188985190390528,-0.0030408664029605253,0,0.01746020647941264,1.0,-0.004619409696672405,0.016954660199345474,1.0,-0.004619409696672405,0.01170213560205718,1.0,-0.004619409696672405,0.012305015262256552,1.0,-0.004619409696672405
2024-11-21,-0.004337955079867006,0.0,-1.0,-0.9773301059316242,0.8572078987284595,0,0.018387671233032393,1.0,-0.004337955079867006,0.017893948171349032,1.0,-0.004337955079867006,0.012004600325367872,1.0,-0.004337955079867006,0.012637929970308583,1.0,-0.004337955079867006
2024-11-22,-0.025616394492475214,0.0,-0.5597751741322164,-0.9778506545899163,-1.0,0,0.018360004419109753,1.0,-0.025616394492475214,0.01777323572375099,1.0,-0.025616394492475214,0.012007294888604525,1.0,-0.025616394492475214,0.012640895802897057,1.0,-0.025616394492475214
2024-11-25,0.005979874628835535,1.0,-1.0,-1.0,-1.0,0,0.017896289272801756,1.0,0.005979874628835535,0.017311940544477107,1.0,0.005979874628835535,0.01212194855432288,1.0,0.005979874628835535,0.012767091979535196,1.0,0.005979874628835535
2024-11-26,0.0070796460176991705,1.0,-1.0,-1.0,0.2626653730396813,0,0.0183868491676156,1.0,0.0070796460176991705,0.017857372174038252,1.0,0.0070796460176991705,0.01212194855432288,1.0,0.0070796460176991705,0.012767091979535196,1.0,0.0070796460176991705
2024-11-27,-0.0025873752515503945,0.0,-1.0,-0.8349600478904724,-0.3417681582014908,0,0.016476390687487054,1.0,-0.0025873752515503945,0.015992842870434947,1.0,-0.0025873752515503945,0.011267637280152024,1.0,-0.0025873752515503945,0.011826774757371065,1.0,-0.0025873752515503945
2024-11-29,-0.010749623355999938,0.0,-1.0,-0.7860284740116,0.9925093274588943,0,0.01649797680124771,1.0,-0.010749623355999938,0.016093817698157223,1.0,-0.010749623355999938,0.011014348335909585,1.0,-0.010749623355999938,0.011547986494057916,1.0,-0.010749623355999938
2024-12-02,0.007886953664147267,1.0,-1.0,-0.727401681372165,0.4025857269206346,0,0.015673554557871443,1.0,0.007886953664147267,0.015269405167402854,1.0,0.007886953664147267,0.010710873151385128,1.0,0.007886953664147267,0.011213959598785184,1.0,0.007886953664147267
2024-12-03,0.019103841265937005,1.0,-1.0,-0.5070794617526855,-0.35616522967370806,0,0.01314186832887286,1.0,0.019103841265937005,0.012801124945131671,1.0,0.019103841265937005,0.00957039926148509,1.0,0.019103841265937005,0.009958670955729013,1.0,0.019103841265937005
2024-12-04,0.025708096619937226,1.0,-1.0,-0.21641810468232825,1.0,0,0.010717707042240924,1.0,0.025708096619937226,0.01056304730360829,1.0,0.025708096619937226,0.008065822514236555,1.0,0.025708096619937226,0.0083026241841602,1.0,0.025708096619937226
2024-12-05,0.018199785884871922,1.0,-1.0,-0.024856198433141356,-0.9691932233697517,0,0.00800774991047068,1.0,0.018199785884871922,0.007851312819606042,1.0,0.018199785884871922,0.007074223243159854,1.0,0.018199785884871922,0.007211197791615202,1.0,0.018199785884871922
2024-12-06,0.00551553817657946,1.0,-1.0,0.26053460347204116,0.33576799336147306,0,0.005617206541830046,1.0,0.00551553817657946,0.005642322335942422,1.0,0.00551553817657946,0.005596928948682269,1.0,0.00551553817657946,0.005585180075004493,1.0,0.00551553817657946
2024-12-09,-0.0019563090968374164,0.0,-1.0,0.5395486843132546,-0.3665466585634152,0,0.0025115556298180427,1.0,-0.0019563090968374164,0.0026282045135133823,1.0,-0.0019563090968374164,0.004152643053853129,1.0,-0.0019563090968374164,0.003995493807601959,1.0,-0.0019563090968374164
2024-12-10,-0.018705499014441518,0.0,1.0,0.6088467244475705,0.8838759602179223,0,0.005422161900912025,1.0,-0.018705499014441518,0.0055684513349047665,1.0,-0.018705499014441518,0.0037939293229778226,1.0,-0.018705499014441518,0.003600667344266137,1.0,-0.018705499014441518
2024-12-11,-0.0466209754542557,0.0,0.6526072767687402,0.5965487623955701,-1.0,0,0.004271726548491741,1.0,-0.0466209754542557,0.004340324172958071,1.0,-0.0466209754542557,0.003857588379442992,1.0,-0.0466209754542557,0.003670735139167959,1.0,-0.0466209754542557
2024-12-12,-0.031057910061468852,0.0,-1.0,0.4774081882303846,0.35382745574795155,0,0.0034223335591524037,1.0,-0.031057910061468852,0.003543104671137378,1.0,-0.031057910061468852,0.004474306540224809,1.0,-0.031057910061468852,0.004349540072846677,1.0,-0.031057910061468852
2024-12-13,-0.008964755004298164,0.0,-1.0,0.27361338851147404,-0.1886091236160939,0,0.00528069284984678,1.0,-0.008964755004298164,0.00528874201569839,1.0,-0.008964755004298164,0.005529228047362148,1.0,-0.008964755004298164,0.005510663531219994,1.0,-0.008964755004298164
2024-12-16,-0.016007840574975396,0.0,-1.0,-0.017308242888012547,0.5207310119066761,0,0.008509969053931263,1.0,-0.016007840574975396,0.00842158152541407,1.0,-0.016007840574975396,0.0070351520762289245,1.0,-0.016007840574975396,0.007168193219082949,1.0,-0.016007840574975396
2024-12-17,-0.010248421743051517,0.0,-1.0,-0.03494182868743125,0.29701526440877035,0,0.008602084437542398,1.0,-0.010248421743051517,0.0084962611350541,1.0,-0.010248421743051517,0.0071264304058694045,1.0,-0.010248421743051517,0.007268660798016189,1.0,-0.010248421743051517
2024-12-18,0.015924099306194206,1.0,-1.0,-0.053095963145153066,-1.0,0,0.008282495783468631,1.0,0.015924099306194206,0.008112366545127061,1.0,0.015924099306194206,0.007220403298746596,1.0,0.015924099306194206,0.007372094209537966,1.0,0.015924099306194206
2024-12-19,0.0075125208681134925,1.0,-1.0,-0.056349392259436554,0.22356815158340249,0,0.008790897604455667,1.0,0.0075125208681134925,0.00867251785033823,1.0,0.0075125208681134925,0.007237244318975464,1.0,0.0075125208681134925,0.007390630663215683,1.0,0.0075125208681134925
2024-12-20,-0.006071871127633188,0.0,-1.0,-0.05817131256344196,-0.3349351874199335,0,0.008592410408792469,1.0,-0.006071871127633188,0.008448962745240969,1.0,-0.006071871127633188,0.007246675290303666,1.0,-0.006071871127633188,0.0074010110772752425,1.0,-0.006071871127633188
2024-12-23,0.00485557768924294,1.0,-1.0,0.05062335701830206,0.6092502064765657,0,0.007854659074736123,1.0,0.00485557768924294,0.007799834745166236,1.0,0.00485557768924294,0.006683511573849755,1.0,0.00485557768924294,0.00678115206629178,1.0,0.00485557768924294
